"date","region","regionname","population","sample_size","reach","sample_size_recent","reach_recent","p_cases","p_cases_error","p_fatalities","p_fatalities_error","p_recentcases","p_recentcases_error","p_cases_daily","p_cases_daily_error","p_stillsick","p_stillsick_error"
"2020/03/15","ESMA","Provincia:Málaga",1661785,0,0,0,0,NA,NA,NA,NA,NA,NA,NA,NA,NA,NA
"2020/03/16","ESMA","Provincia:Málaga",1661785,0,0,0,0,NA,NA,NA,NA,NA,NA,NA,NA,NA,NA
"2020/03/17","ESMA","Provincia:Málaga",1661785,0,0,0,0,NA,NA,NA,NA,NA,NA,NA,NA,NA,NA
"2020/03/18","ESMA","Provincia:Málaga",1661785,0,0,0,0,NA,NA,NA,NA,NA,NA,NA,NA,NA,NA
"2020/03/19","ESMA","Provincia:Málaga",1661785,0,0,0,0,NA,NA,NA,NA,NA,NA,NA,NA,NA,NA
"2020/03/20","ESMA","Provincia:Málaga",1661785,0,0,0,0,NA,NA,NA,NA,NA,NA,NA,NA,NA,NA
"2020/03/21","ESMA","Provincia:Málaga",1661785,0,0,0,0,NA,NA,NA,NA,NA,NA,NA,NA,NA,NA
"2020/03/22","ESMA","Provincia:Málaga",1661785,0,0,0,0,NA,NA,NA,NA,NA,NA,NA,NA,NA,NA
"2020/03/23","ESMA","Provincia:Málaga",1661785,0,0,0,0,NA,NA,NA,NA,NA,NA,NA,NA,NA,NA
"2020/03/24","ESMA","Provincia:Málaga",1661785,0,0,0,0,NA,NA,NA,NA,NA,NA,NA,NA,NA,NA
"2020/03/25","ESMA","Provincia:Málaga",1661785,0,0,0,0,NA,NA,NA,NA,NA,NA,NA,NA,NA,NA
"2020/03/26","ESMA","Provincia:Málaga",1661785,0,0,0,0,NA,NA,NA,NA,NA,NA,NA,NA,NA,NA
"2020/03/27","ESMA","Provincia:Málaga",1661785,0,0,0,0,NA,NA,NA,NA,NA,NA,NA,NA,NA,NA
"2020/03/28","ESMA","Provincia:Málaga",1661785,0,0,0,0,NA,NA,NA,NA,NA,NA,NA,NA,NA,NA
"2020/03/29","ESMA","Provincia:Málaga",1661785,0,0,0,0,NA,NA,NA,NA,NA,NA,NA,NA,NA,NA
"2020/03/30","ESMA","Provincia:Málaga",1661785,0,0,0,0,NA,NA,NA,NA,NA,NA,NA,NA,NA,NA
"2020/03/31","ESMA","Provincia:Málaga",1661785,0,0,0,0,NA,NA,NA,NA,NA,NA,NA,NA,NA,NA
"2020/04/01","ESMA","Provincia:Málaga",1661785,0,0,0,0,NA,NA,NA,NA,NA,NA,NA,NA,NA,NA
"2020/04/02","ESMA","Provincia:Málaga",1661785,0,0,0,0,NA,NA,NA,NA,NA,NA,NA,NA,NA,NA
"2020/04/03","ESMA","Provincia:Málaga",1661785,0,0,0,0,NA,NA,NA,NA,NA,NA,NA,NA,NA,NA
"2020/04/04","ESMA","Provincia:Málaga",1661785,0,0,0,0,NA,NA,NA,NA,NA,NA,NA,NA,NA,NA
"2020/04/05","ESMA","Provincia:Málaga",1661785,0,0,0,0,NA,NA,NA,NA,NA,NA,NA,NA,NA,NA
"2020/04/06","ESMA","Provincia:Málaga",1661785,0,0,0,0,NA,NA,NA,NA,NA,NA,NA,NA,NA,NA
"2020/04/07","ESMA","Provincia:Málaga",1661785,0,0,0,0,NA,NA,NA,NA,NA,NA,NA,NA,NA,NA
"2020/04/08","ESMA","Provincia:Málaga",1661785,0,0,0,0,NA,NA,NA,NA,NA,NA,NA,NA,NA,NA
"2020/04/09","ESMA","Provincia:Málaga",1661785,0,0,0,0,NA,NA,NA,NA,NA,NA,NA,NA,NA,NA
"2020/04/10","ESMA","Provincia:Málaga",1661785,0,0,0,0,NA,NA,NA,NA,NA,NA,NA,NA,NA,NA
"2020/04/11","ESMA","Provincia:Málaga",1661785,0,0,0,0,NA,NA,NA,NA,NA,NA,NA,NA,NA,NA
"2020/04/12","ESMA","Provincia:Málaga",1661785,0,0,0,0,NA,NA,NA,NA,NA,NA,NA,NA,NA,NA
"2020/04/13","ESMA","Provincia:Málaga",1661785,0,0,0,0,NA,NA,NA,NA,NA,NA,NA,NA,NA,NA
"2020/04/14","ESMA","Provincia:Málaga",1661785,0,0,0,0,NA,NA,NA,NA,NA,NA,NA,NA,NA,NA
"2020/04/15","ESMA","Provincia:Málaga",1661785,0,0,0,0,NA,NA,NA,NA,NA,NA,NA,NA,NA,NA
"2020/04/16","ESMA","Provincia:Málaga",1661785,0,0,0,0,NA,NA,NA,NA,NA,NA,NA,NA,NA,NA
"2020/04/17","ESMA","Provincia:Málaga",1661785,0,0,0,0,NA,NA,NA,NA,NA,NA,NA,NA,NA,NA
"2020/04/18","ESMA","Provincia:Málaga",1661785,0,0,0,0,NA,NA,NA,NA,NA,NA,NA,NA,NA,NA
"2020/04/19","ESMA","Provincia:Málaga",1661785,0,0,0,0,NA,NA,NA,NA,NA,NA,NA,NA,NA,NA
"2020/04/20","ESMA","Provincia:Málaga",1661785,0,0,0,0,NA,NA,NA,NA,NA,NA,NA,NA,NA,NA
"2020/04/21","ESMA","Provincia:Málaga",1661785,0,0,0,0,NA,NA,NA,NA,NA,NA,NA,NA,NA,NA
"2020/04/22","ESMA","Provincia:Málaga",1661785,0,0,0,0,NA,NA,NA,NA,NA,NA,NA,NA,NA,NA
"2020/04/23","ESMA","Provincia:Málaga",1661785,0,0,0,0,NA,NA,NA,NA,NA,NA,NA,NA,NA,NA
"2020/04/24","ESMA","Provincia:Málaga",1661785,0,0,0,0,NA,NA,NA,NA,NA,NA,NA,NA,NA,NA
"2020/04/25","ESMA","Provincia:Málaga",1661785,0,0,0,0,NA,NA,NA,NA,NA,NA,NA,NA,NA,NA
"2020/04/26","ESMA","Provincia:Málaga",1661785,0,0,0,0,NA,NA,NA,NA,NA,NA,NA,NA,NA,NA
"2020/04/27","ESMA","Provincia:Málaga",1661785,0,0,0,0,NA,NA,NA,NA,NA,NA,NA,NA,NA,NA
"2020/04/28","ESMA","Provincia:Málaga",1661785,0,0,0,0,NA,NA,NA,NA,NA,NA,NA,NA,NA,NA
"2020/04/29","ESMA","Provincia:Málaga",1661785,0,0,0,0,NA,NA,NA,NA,NA,NA,NA,NA,NA,NA
"2020/04/30","ESMA","Provincia:Málaga",1661785,0,0,0,0,NA,NA,NA,NA,NA,NA,NA,NA,NA,NA
"2020/05/01","ESMA","Provincia:Málaga",1661785,0,0,0,0,NA,NA,NA,NA,NA,NA,NA,NA,NA,NA
"2020/05/02","ESMA","Provincia:Málaga",1661785,0,0,0,0,NA,NA,NA,NA,NA,NA,NA,NA,NA,NA
"2020/05/03","ESMA","Provincia:Málaga",1661785,0,0,0,0,NA,NA,NA,NA,NA,NA,NA,NA,NA,NA
"2020/05/04","ESMA","Provincia:Málaga",1661785,0,0,0,0,NA,NA,NA,NA,NA,NA,NA,NA,NA,NA
"2020/05/05","ESMA","Provincia:Málaga",1661785,0,0,0,0,NA,NA,NA,NA,NA,NA,NA,NA,NA,NA
"2020/05/06","ESMA","Provincia:Málaga",1661785,0,0,0,0,NA,NA,NA,NA,NA,NA,NA,NA,NA,NA
"2020/05/07","ESMA","Provincia:Málaga",1661785,0,0,0,0,NA,NA,NA,NA,NA,NA,NA,NA,NA,NA
"2020/05/08","ESMA","Provincia:Málaga",1661785,0,0,0,0,NA,NA,NA,NA,NA,NA,NA,NA,NA,NA
"2020/05/09","ESMA","Provincia:Málaga",1661785,0,0,0,0,NA,NA,NA,NA,NA,NA,NA,NA,NA,NA
"2020/05/10","ESMA","Provincia:Málaga",1661785,0,0,0,0,NA,NA,NA,NA,NA,NA,NA,NA,NA,NA
"2020/05/11","ESMA","Provincia:Málaga",1661785,0,0,0,0,NA,NA,NA,NA,NA,NA,NA,NA,NA,NA
"2020/05/12","ESMA","Provincia:Málaga",1661785,0,0,0,0,NA,NA,NA,NA,NA,NA,NA,NA,NA,NA
"2020/05/13","ESMA","Provincia:Málaga",1661785,0,0,0,0,NA,NA,NA,NA,NA,NA,NA,NA,NA,NA
"2020/05/14","ESMA","Provincia:Málaga",1661785,0,0,0,0,NA,NA,NA,NA,NA,NA,NA,NA,NA,NA
"2020/05/15","ESMA","Provincia:Málaga",1661785,2,53,2,53,0.0377358490566038,0.0513020089964976,NA,NA,0,0,0,0,0,0
"2020/05/16","ESMA","Provincia:Málaga",1661785,2,53,2,53,0.0377358490566038,0.0513020089964976,NA,NA,0,0,0,0,0,0
"2020/05/17","ESMA","Provincia:Málaga",1661785,3,103,3,103,0.0679611650485437,0.0486045459568198,NA,NA,0.00970873786407767,0.018936178546626,0.0013869625520111,0.00718721211263014,0.00970873786407767,0.018936178546626
"2020/05/18","ESMA","Provincia:Málaga",1661785,3,103,1,50,0.0679611650485437,0.0486045459568198,NA,NA,0.02,0.038805307081791,0.00285714285714286,0.0147947543291795,0.02,0.038805307081791
"2020/05/19","ESMA","Provincia:Málaga",1661785,3,103,1,50,0.0679611650485437,0.0486045459568198,NA,NA,0.02,0.038805307081791,0.00285714285714286,0.0147947543291795,0.02,0.038805307081791
"2020/05/20","ESMA","Provincia:Málaga",1661785,3,103,0,0,0.0679611650485437,0.0486045459568198,NA,NA,NA,NA,NA,NA,NA,NA
"2020/05/21","ESMA","Provincia:Málaga",1661785,4,108,1,5,0.0833333333333333,0.052125629139577,NA,NA,NA,NA,NA,NA,NA,NA
"2020/05/22","ESMA","Provincia:Málaga",1661785,4,108,1,5,0.0833333333333333,0.052125629139577,NA,NA,NA,NA,NA,NA,NA,NA
"2020/05/23","ESMA","Provincia:Málaga",1661785,4,108,1,5,0.0833333333333333,0.052125629139577,NA,NA,NA,NA,NA,NA,NA,NA
"2020/05/24","ESMA","Provincia:Málaga",1661785,4,108,0,0,0.0833333333333333,0.052125629139577,NA,NA,NA,NA,NA,NA,NA,NA
"2020/05/25","ESMA","Provincia:Málaga",1661785,4,108,0,0,0.0833333333333333,0.052125629139577,NA,NA,NA,NA,NA,NA,NA,NA
"2020/05/26","ESMA","Provincia:Málaga",1661785,4,108,0,0,0.0833333333333333,0.052125629139577,NA,NA,NA,NA,NA,NA,NA,NA
"2020/05/27","ESMA","Provincia:Málaga",1661785,4,108,0,0,0.0833333333333333,0.052125629139577,NA,NA,NA,NA,NA,NA,NA,NA
"2020/05/28","ESMA","Provincia:Málaga",1661785,4,108,0,0,0.0833333333333333,0.052125629139577,NA,NA,NA,NA,NA,NA,NA,NA
"2020/05/29","ESMA","Provincia:Málaga",1661785,4,108,0,0,0.0833333333333333,0.052125629139577,NA,NA,NA,NA,NA,NA,NA,NA
"2020/05/30","ESMA","Provincia:Málaga",1661785,4,108,0,0,0.0833333333333333,0.052125629139577,NA,NA,NA,NA,NA,NA,NA,NA
"2020/05/31","ESMA","Provincia:Málaga",1661785,4,108,0,0,0.0833333333333333,0.052125629139577,NA,NA,NA,NA,NA,NA,NA,NA
"2020/06/01","ESMA","Provincia:Málaga",1661785,4,108,0,0,0.0833333333333333,0.052125629139577,NA,NA,NA,NA,NA,NA,NA,NA
"2020/06/02","ESMA","Provincia:Málaga",1661785,4,108,0,0,0.0833333333333333,0.052125629139577,NA,NA,NA,NA,NA,NA,NA,NA
"2020/06/03","ESMA","Provincia:Málaga",1661785,4,108,0,0,0.0833333333333333,0.052125629139577,NA,NA,NA,NA,NA,NA,NA,NA
"2020/06/04","ESMA","Provincia:Málaga",1661785,4,108,0,0,0.0833333333333333,0.052125629139577,NA,NA,NA,NA,NA,NA,NA,NA
"2020/06/05","ESMA","Provincia:Málaga",1661785,4,108,0,0,0.0833333333333333,0.052125629139577,NA,NA,NA,NA,NA,NA,NA,NA
"2020/06/06","ESMA","Provincia:Málaga",1661785,5,128,1,20,0.0703125,0.0442922631984472,NA,NA,0,0,0,0,0,0
"2020/06/07","ESMA","Provincia:Málaga",1661785,5,128,1,20,0.0703125,0.0442922631984472,NA,NA,0,0,0,0,0,0
"2020/06/08","ESMA","Provincia:Málaga",1661785,5,128,1,20,0.0703125,0.0442922631984472,NA,NA,0,0,0,0,0,0
"2020/06/09","ESMA","Provincia:Málaga",1661785,5,128,0,0,0.0703125,0.0442922631984472,NA,NA,NA,NA,NA,NA,NA,NA
"2020/06/10","ESMA","Provincia:Málaga",1661785,5,128,0,0,0.0703125,0.0442922631984472,NA,NA,NA,NA,NA,NA,NA,NA
"2020/06/11","ESMA","Provincia:Málaga",1661785,5,128,0,0,0.0703125,0.0442922631984472,NA,NA,NA,NA,NA,NA,NA,NA
"2020/06/12","ESMA","Provincia:Málaga",1661785,5,128,0,0,0.0703125,0.0442922631984472,NA,NA,NA,NA,NA,NA,NA,NA
"2020/06/13","ESMA","Provincia:Málaga",1661785,5,128,0,0,0.0703125,0.0442922631984472,NA,NA,NA,NA,NA,NA,NA,NA
"2020/06/14","ESMA","Provincia:Málaga",1661785,5,128,0,0,0.0703125,0.0442922631984472,NA,NA,NA,NA,NA,NA,NA,NA
"2020/06/15","ESMA","Provincia:Málaga",1661785,5,128,0,0,0.0703125,0.0442922631984472,NA,NA,NA,NA,NA,NA,NA,NA
"2020/06/16","ESMA","Provincia:Málaga",1661785,5,128,0,0,0.0703125,0.0442922631984472,NA,NA,NA,NA,NA,NA,NA,NA
"2020/06/17","ESMA","Provincia:Málaga",1661785,5,128,0,0,0.0703125,0.0442922631984472,NA,NA,NA,NA,NA,NA,NA,NA
"2020/06/18","ESMA","Provincia:Málaga",1661785,5,128,0,0,0.0703125,0.0442922631984472,NA,NA,NA,NA,NA,NA,NA,NA
"2020/06/19","ESMA","Provincia:Málaga",1661785,5,128,0,0,0.0703125,0.0442922631984472,NA,NA,NA,NA,NA,NA,NA,NA
"2020/06/20","ESMA","Provincia:Málaga",1661785,5,128,0,0,0.0703125,0.0442922631984472,NA,NA,NA,NA,NA,NA,NA,NA
"2020/06/21","ESMA","Provincia:Málaga",1661785,5,128,0,0,0.0703125,0.0442922631984472,NA,NA,NA,NA,NA,NA,NA,NA
"2020/06/22","ESMA","Provincia:Málaga",1661785,5,128,0,0,0.0703125,0.0442922631984472,NA,NA,NA,NA,NA,NA,NA,NA
"2020/06/23","ESMA","Provincia:Málaga",1661785,5,128,0,0,0.0703125,0.0442922631984472,NA,NA,NA,NA,NA,NA,NA,NA
"2020/06/24","ESMA","Provincia:Málaga",1661785,5,128,0,0,0.0703125,0.0442922631984472,NA,NA,NA,NA,NA,NA,NA,NA
"2020/06/25","ESMA","Provincia:Málaga",1661785,5,128,0,0,0.0703125,0.0442922631984472,NA,NA,NA,NA,NA,NA,NA,NA
"2020/06/26","ESMA","Provincia:Málaga",1661785,5,128,0,0,0.0703125,0.0442922631984472,NA,NA,NA,NA,NA,NA,NA,NA
"2020/06/27","ESMA","Provincia:Málaga",1661785,5,128,0,0,0.0703125,0.0442922631984472,NA,NA,NA,NA,NA,NA,NA,NA
"2020/06/28","ESMA","Provincia:Málaga",1661785,5,128,0,0,0.0703125,0.0442922631984472,NA,NA,NA,NA,NA,NA,NA,NA
"2020/06/29","ESMA","Provincia:Málaga",1661785,5,128,0,0,0.0703125,0.0442922631984472,NA,NA,NA,NA,NA,NA,NA,NA
"2020/06/30","ESMA","Provincia:Málaga",1661785,5,128,0,0,0.0703125,0.0442922631984472,NA,NA,NA,NA,NA,NA,NA,NA
"2020/07/01","ESMA","Provincia:Málaga",1661785,5,128,0,0,0.0703125,0.0442922631984472,NA,NA,NA,NA,NA,NA,NA,NA
"2020/07/02","ESMA","Provincia:Málaga",1661785,5,128,0,0,0.0703125,0.0442922631984472,NA,NA,NA,NA,NA,NA,NA,NA
"2020/07/03","ESMA","Provincia:Málaga",1661785,5,128,0,0,0.0703125,0.0442922631984472,NA,NA,NA,NA,NA,NA,NA,NA
"2020/07/04","ESMA","Provincia:Málaga",1661785,5,128,0,0,0.0703125,0.0442922631984472,NA,NA,NA,NA,NA,NA,NA,NA
"2020/07/05","ESMA","Provincia:Málaga",1661785,5,128,0,0,0.0703125,0.0442922631984472,NA,NA,NA,NA,NA,NA,NA,NA
"2020/07/06","ESMA","Provincia:Málaga",1661785,6,173,1,45,0.0867052023121387,0.0419327272559891,NA,NA,0,0,0,0,0,0
"2020/07/07","ESMA","Provincia:Málaga",1661785,6,173,1,45,0.0867052023121387,0.0419327272559891,NA,NA,0,0,0,0,0,0
"2020/07/08","ESMA","Provincia:Málaga",1661785,6,173,1,45,0.0867052023121387,0.0419327272559891,NA,NA,0,0,0,0,0,0
"2020/07/09","ESMA","Provincia:Málaga",1661785,6,173,0,0,0.0867052023121387,0.0419327272559891,NA,NA,NA,NA,NA,NA,NA,NA
"2020/07/10","ESMA","Provincia:Málaga",1661785,6,173,0,0,0.0867052023121387,0.0419327272559891,NA,NA,NA,NA,NA,NA,NA,NA
"2020/07/11","ESMA","Provincia:Málaga",1661785,6,173,0,0,0.0867052023121387,0.0419327272559891,NA,NA,NA,NA,NA,NA,NA,NA
"2020/07/12","ESMA","Provincia:Málaga",1661785,6,173,0,0,0.0867052023121387,0.0419327272559891,NA,NA,NA,NA,NA,NA,NA,NA
"2020/07/13","ESMA","Provincia:Málaga",1661785,6,173,0,0,0.0867052023121387,0.0419327272559891,NA,NA,NA,NA,NA,NA,NA,NA
"2020/07/14","ESMA","Provincia:Málaga",1661785,6,173,0,0,0.0867052023121387,0.0419327272559891,NA,NA,NA,NA,NA,NA,NA,NA
"2020/07/15","ESMA","Provincia:Málaga",1661785,6,173,0,0,0.0867052023121387,0.0419327272559891,NA,NA,NA,NA,NA,NA,NA,NA
"2020/07/16","ESMA","Provincia:Málaga",1661785,6,173,0,0,0.0867052023121387,0.0419327272559891,NA,NA,NA,NA,NA,NA,NA,NA
"2020/07/17","ESMA","Provincia:Málaga",1661785,6,173,0,0,0.0867052023121387,0.0419327272559891,NA,NA,NA,NA,NA,NA,NA,NA
"2020/07/18","ESMA","Provincia:Málaga",1661785,6,173,0,0,0.0867052023121387,0.0419327272559891,NA,NA,NA,NA,NA,NA,NA,NA
"2020/07/19","ESMA","Provincia:Málaga",1661785,6,173,0,0,0.0867052023121387,0.0419327272559891,NA,NA,NA,NA,NA,NA,NA,NA
"2020/07/20","ESMA","Provincia:Málaga",1661785,6,173,0,0,0.0867052023121387,0.0419327272559891,NA,NA,NA,NA,NA,NA,NA,NA
"2020/07/21","ESMA","Provincia:Málaga",1661785,6,173,0,0,0.0867052023121387,0.0419327272559891,NA,NA,NA,NA,NA,NA,NA,NA
"2020/07/22","ESMA","Provincia:Málaga",1661785,6,173,0,0,0.0867052023121387,0.0419327272559891,NA,NA,NA,NA,NA,NA,NA,NA
"2020/07/23","ESMA","Provincia:Málaga",1661785,6,173,0,0,0.0867052023121387,0.0419327272559891,NA,NA,NA,NA,NA,NA,NA,NA
"2020/07/24","ESMA","Provincia:Málaga",1661785,6,173,0,0,0.0867052023121387,0.0419327272559891,NA,NA,NA,NA,NA,NA,NA,NA
"2020/07/25","ESMA","Provincia:Málaga",1661785,6,173,0,0,0.0867052023121387,0.0419327272559891,NA,NA,NA,NA,NA,NA,NA,NA
"2020/07/26","ESMA","Provincia:Málaga",1661785,6,173,0,0,0.0867052023121387,0.0419327272559891,NA,NA,NA,NA,NA,NA,NA,NA
"2020/07/27","ESMA","Provincia:Málaga",1661785,6,173,0,0,0.0867052023121387,0.0419327272559891,NA,NA,NA,NA,NA,NA,NA,NA
"2020/07/28","ESMA","Provincia:Málaga",1661785,6,173,0,0,0.0867052023121387,0.0419327272559891,NA,NA,NA,NA,NA,NA,NA,NA
"2020/07/29","ESMA","Provincia:Málaga",1661785,6,173,0,0,0.0867052023121387,0.0419327272559891,NA,NA,NA,NA,NA,NA,NA,NA
"2020/07/30","ESMA","Provincia:Málaga",1661785,6,173,0,0,0.0867052023121387,0.0419327272559891,NA,NA,NA,NA,NA,NA,NA,NA
"2020/07/31","ESMA","Provincia:Málaga",1661785,6,173,0,0,0.0867052023121387,0.0419327272559891,NA,NA,NA,NA,NA,NA,NA,NA
"2020/08/01","ESMA","Provincia:Málaga",1661785,6,173,0,0,0.0867052023121387,0.0419327272559891,NA,NA,NA,NA,NA,NA,NA,NA
"2020/08/02","ESMA","Provincia:Málaga",1661785,6,173,0,0,0.0867052023121387,0.0419327272559891,NA,NA,NA,NA,NA,NA,NA,NA
"2020/08/03","ESMA","Provincia:Málaga",1661785,6,173,0,0,0.0867052023121387,0.0419327272559891,NA,NA,NA,NA,NA,NA,NA,NA
"2020/08/04","ESMA","Provincia:Málaga",1661785,6,173,0,0,0.0867052023121387,0.0419327272559891,NA,NA,NA,NA,NA,NA,NA,NA
"2020/08/05","ESMA","Provincia:Málaga",1661785,6,173,0,0,0.0867052023121387,0.0419327272559891,NA,NA,NA,NA,NA,NA,NA,NA
"2020/08/06","ESMA","Provincia:Málaga",1661785,6,173,0,0,0.0867052023121387,0.0419327272559891,NA,NA,NA,NA,NA,NA,NA,NA
"2020/08/07","ESMA","Provincia:Málaga",1661785,6,173,0,0,0.0867052023121387,0.0419327272559891,NA,NA,NA,NA,NA,NA,NA,NA
"2020/08/08","ESMA","Provincia:Málaga",1661785,6,173,0,0,0.0867052023121387,0.0419327272559891,NA,NA,NA,NA,NA,NA,NA,NA
"2020/08/09","ESMA","Provincia:Málaga",1661785,6,173,0,0,0.0867052023121387,0.0419327272559891,NA,NA,NA,NA,NA,NA,NA,NA
"2020/08/10","ESMA","Provincia:Málaga",1661785,6,173,0,0,0.0867052023121387,0.0419327272559891,NA,NA,NA,NA,NA,NA,NA,NA
"2020/08/11","ESMA","Provincia:Málaga",1661785,6,173,0,0,0.0867052023121387,0.0419327272559891,NA,NA,NA,NA,NA,NA,NA,NA
"2020/08/12","ESMA","Provincia:Málaga",1661785,6,173,0,0,0.0867052023121387,0.0419327272559891,NA,NA,NA,NA,NA,NA,NA,NA
"2020/08/13","ESMA","Provincia:Málaga",1661785,6,173,0,0,0.0867052023121387,0.0419327272559891,NA,NA,NA,NA,NA,NA,NA,NA
"2020/08/14","ESMA","Provincia:Málaga",1661785,6,173,0,0,0.0867052023121387,0.0419327272559891,NA,NA,NA,NA,NA,NA,NA,NA
"2020/08/15","ESMA","Provincia:Málaga",1661785,6,173,0,0,0.0867052023121387,0.0419327272559891,NA,NA,NA,NA,NA,NA,NA,NA
"2020/08/16","ESMA","Provincia:Málaga",1661785,6,173,0,0,0.0867052023121387,0.0419327272559891,NA,NA,NA,NA,NA,NA,NA,NA
"2020/08/17","ESMA","Provincia:Málaga",1661785,6,173,0,0,0.0867052023121387,0.0419327272559891,NA,NA,NA,NA,NA,NA,NA,NA
"2020/08/18","ESMA","Provincia:Málaga",1661785,6,173,0,0,0.0867052023121387,0.0419327272559891,NA,NA,NA,NA,NA,NA,NA,NA
"2020/08/19","ESMA","Provincia:Málaga",1661785,6,173,0,0,0.0867052023121387,0.0419327272559891,NA,NA,NA,NA,NA,NA,NA,NA
"2020/08/20","ESMA","Provincia:Málaga",1661785,6,173,0,0,0.0867052023121387,0.0419327272559891,NA,NA,NA,NA,NA,NA,NA,NA
"2020/08/21","ESMA","Provincia:Málaga",1661785,6,173,0,0,0.0867052023121387,0.0419327272559891,NA,NA,NA,NA,NA,NA,NA,NA
"2020/08/22","ESMA","Provincia:Málaga",1661785,6,173,0,0,0.0867052023121387,0.0419327272559891,NA,NA,NA,NA,NA,NA,NA,NA
"2020/08/23","ESMA","Provincia:Málaga",1661785,6,173,0,0,0.0867052023121387,0.0419327272559891,NA,NA,NA,NA,NA,NA,NA,NA
"2020/08/24","ESMA","Provincia:Málaga",1661785,6,173,0,0,0.0867052023121387,0.0419327272559891,NA,NA,NA,NA,NA,NA,NA,NA
"2020/08/25","ESMA","Provincia:Málaga",1661785,6,173,0,0,0.0867052023121387,0.0419327272559891,NA,NA,NA,NA,NA,NA,NA,NA
"2020/08/26","ESMA","Provincia:Málaga",1661785,6,173,0,0,0.0867052023121387,0.0419327272559891,NA,NA,NA,NA,NA,NA,NA,NA
"2020/08/27","ESMA","Provincia:Málaga",1661785,6,173,0,0,0.0867052023121387,0.0419327272559891,NA,NA,NA,NA,NA,NA,NA,NA
"2020/08/28","ESMA","Provincia:Málaga",1661785,6,173,0,0,0.0867052023121387,0.0419327272559891,NA,NA,NA,NA,NA,NA,NA,NA
"2020/08/29","ESMA","Provincia:Málaga",1661785,6,173,0,0,0.0867052023121387,0.0419327272559891,NA,NA,NA,NA,NA,NA,NA,NA
"2020/08/30","ESMA","Provincia:Málaga",1661785,6,173,0,0,0.0867052023121387,0.0419327272559891,NA,NA,NA,NA,NA,NA,NA,NA
"2020/08/31","ESMA","Provincia:Málaga",1661785,6,173,0,0,0.0867052023121387,0.0419327272559891,NA,NA,NA,NA,NA,NA,NA,NA
"2020/09/01","ESMA","Provincia:Málaga",1661785,6,173,0,0,0.0867052023121387,0.0419327272559891,NA,NA,NA,NA,NA,NA,NA,NA
"2020/09/02","ESMA","Provincia:Málaga",1661785,6,173,0,0,0.0867052023121387,0.0419327272559891,NA,NA,NA,NA,NA,NA,NA,NA
"2020/09/03","ESMA","Provincia:Málaga",1661785,6,173,0,0,0.0867052023121387,0.0419327272559891,NA,NA,NA,NA,NA,NA,NA,NA
"2020/09/04","ESMA","Provincia:Málaga",1661785,6,173,0,0,0.0867052023121387,0.0419327272559891,NA,NA,NA,NA,NA,NA,NA,NA
"2020/09/05","ESMA","Provincia:Málaga",1661785,6,173,0,0,0.0867052023121387,0.0419327272559891,NA,NA,NA,NA,NA,NA,NA,NA
"2020/09/06","ESMA","Provincia:Málaga",1661785,6,173,0,0,0.0867052023121387,0.0419327272559891,NA,NA,NA,NA,NA,NA,NA,NA
"2020/09/07","ESMA","Provincia:Málaga",1661785,6,173,0,0,0.0867052023121387,0.0419327272559891,NA,NA,NA,NA,NA,NA,NA,NA
"2020/09/08","ESMA","Provincia:Málaga",1661785,6,173,0,0,0.0867052023121387,0.0419327272559891,NA,NA,NA,NA,NA,NA,NA,NA
"2020/09/09","ESMA","Provincia:Málaga",1661785,6,173,0,0,0.0867052023121387,0.0419327272559891,NA,NA,NA,NA,NA,NA,NA,NA
"2020/09/10","ESMA","Provincia:Málaga",1661785,6,173,0,0,0.0867052023121387,0.0419327272559891,NA,NA,NA,NA,NA,NA,NA,NA
"2020/09/11","ESMA","Provincia:Málaga",1661785,6,173,0,0,0.0867052023121387,0.0419327272559891,NA,NA,NA,NA,NA,NA,NA,NA
"2020/09/12","ESMA","Provincia:Málaga",1661785,6,173,0,0,0.0867052023121387,0.0419327272559891,NA,NA,NA,NA,NA,NA,NA,NA
"2020/09/13","ESMA","Provincia:Málaga",1661785,6,173,0,0,0.0867052023121387,0.0419327272559891,NA,NA,NA,NA,NA,NA,NA,NA
"2020/09/14","ESMA","Provincia:Málaga",1661785,6,173,0,0,0.0867052023121387,0.0419327272559891,NA,NA,NA,NA,NA,NA,NA,NA
"2020/09/15","ESMA","Provincia:Málaga",1661785,6,173,0,0,0.0867052023121387,0.0419327272559891,NA,NA,NA,NA,NA,NA,NA,NA
"2020/09/16","ESMA","Provincia:Málaga",1661785,6,173,0,0,0.0867052023121387,0.0419327272559891,NA,NA,NA,NA,NA,NA,NA,NA
"2020/09/17","ESMA","Provincia:Málaga",1661785,6,173,0,0,0.0867052023121387,0.0419327272559891,NA,NA,NA,NA,NA,NA,NA,NA
"2020/09/18","ESMA","Provincia:Málaga",1661785,6,173,0,0,0.0867052023121387,0.0419327272559891,NA,NA,NA,NA,NA,NA,NA,NA
"2020/09/19","ESMA","Provincia:Málaga",1661785,6,173,0,0,0.0867052023121387,0.0419327272559891,NA,NA,NA,NA,NA,NA,NA,NA
"2020/09/20","ESMA","Provincia:Málaga",1661785,6,173,0,0,0.0867052023121387,0.0419327272559891,NA,NA,NA,NA,NA,NA,NA,NA
"2020/09/21","ESMA","Provincia:Málaga",1661785,6,173,0,0,0.0867052023121387,0.0419327272559891,NA,NA,NA,NA,NA,NA,NA,NA
"2020/09/22","ESMA","Provincia:Málaga",1661785,6,173,0,0,0.0867052023121387,0.0419327272559891,NA,NA,NA,NA,NA,NA,NA,NA
"2020/09/23","ESMA","Provincia:Málaga",1661785,6,173,0,0,0.0867052023121387,0.0419327272559891,NA,NA,NA,NA,NA,NA,NA,NA
"2020/09/24","ESMA","Provincia:Málaga",1661785,6,173,0,0,0.0867052023121387,0.0419327272559891,NA,NA,NA,NA,NA,NA,NA,NA
"2020/09/25","ESMA","Provincia:Málaga",1661785,6,173,0,0,0.0867052023121387,0.0419327272559891,NA,NA,NA,NA,NA,NA,NA,NA
"2020/09/26","ESMA","Provincia:Málaga",1661785,6,173,0,0,0.0867052023121387,0.0419327272559891,NA,NA,NA,NA,NA,NA,NA,NA
"2020/09/27","ESMA","Provincia:Málaga",1661785,6,173,0,0,0.0867052023121387,0.0419327272559891,NA,NA,NA,NA,NA,NA,NA,NA
"2020/09/28","ESMA","Provincia:Málaga",1661785,6,173,0,0,0.0867052023121387,0.0419327272559891,NA,NA,NA,NA,NA,NA,NA,NA
"2020/09/29","ESMA","Provincia:Málaga",1661785,6,173,0,0,0.0867052023121387,0.0419327272559891,NA,NA,NA,NA,NA,NA,NA,NA
"2020/09/30","ESMA","Provincia:Málaga",1661785,6,173,0,0,0.0867052023121387,0.0419327272559891,NA,NA,NA,NA,NA,NA,NA,NA
"2020/10/01","ESMA","Provincia:Málaga",1661785,6,173,0,0,0.0867052023121387,0.0419327272559891,NA,NA,NA,NA,NA,NA,NA,NA
"2020/10/02","ESMA","Provincia:Málaga",1661785,6,173,0,0,0.0867052023121387,0.0419327272559891,NA,NA,NA,NA,NA,NA,NA,NA
"2020/10/03","ESMA","Provincia:Málaga",1661785,6,173,0,0,0.0867052023121387,0.0419327272559891,NA,NA,NA,NA,NA,NA,NA,NA
"2020/10/04","ESMA","Provincia:Málaga",1661785,6,173,0,0,0.0867052023121387,0.0419327272559891,NA,NA,NA,NA,NA,NA,NA,NA
"2020/10/05","ESMA","Provincia:Málaga",1661785,6,173,0,0,0.0867052023121387,0.0419327272559891,NA,NA,NA,NA,NA,NA,NA,NA
"2020/10/06","ESMA","Provincia:Málaga",1661785,6,173,0,0,0.0867052023121387,0.0419327272559891,NA,NA,NA,NA,NA,NA,NA,NA
"2020/10/07","ESMA","Provincia:Málaga",1661785,6,173,0,0,0.0867052023121387,0.0419327272559891,NA,NA,NA,NA,NA,NA,NA,NA
"2020/10/08","ESMA","Provincia:Málaga",1661785,6,173,0,0,0.0867052023121387,0.0419327272559891,NA,NA,NA,NA,NA,NA,NA,NA
"2020/10/09","ESMA","Provincia:Málaga",1661785,6,173,0,0,0.0867052023121387,0.0419327272559891,NA,NA,NA,NA,NA,NA,NA,NA
"2020/10/10","ESMA","Provincia:Málaga",1661785,6,173,0,0,0.0867052023121387,0.0419327272559891,NA,NA,NA,NA,NA,NA,NA,NA
"2020/10/11","ESMA","Provincia:Málaga",1661785,6,173,0,0,0.0867052023121387,0.0419327272559891,NA,NA,NA,NA,NA,NA,NA,NA
"2020/10/12","ESMA","Provincia:Málaga",1661785,6,173,0,0,0.0867052023121387,0.0419327272559891,NA,NA,NA,NA,NA,NA,NA,NA
"2020/10/13","ESMA","Provincia:Málaga",1661785,6,173,0,0,0.0867052023121387,0.0419327272559891,NA,NA,NA,NA,NA,NA,NA,NA
"2020/10/14","ESMA","Provincia:Málaga",1661785,6,173,0,0,0.0867052023121387,0.0419327272559891,NA,NA,NA,NA,NA,NA,NA,NA
"2020/10/15","ESMA","Provincia:Málaga",1661785,6,173,0,0,0.0867052023121387,0.0419327272559891,NA,NA,NA,NA,NA,NA,NA,NA
"2020/10/16","ESMA","Provincia:Málaga",1661785,6,173,0,0,0.0867052023121387,0.0419327272559891,NA,NA,NA,NA,NA,NA,NA,NA
"2020/10/17","ESMA","Provincia:Málaga",1661785,6,173,0,0,0.0867052023121387,0.0419327272559891,NA,NA,NA,NA,NA,NA,NA,NA
"2020/10/18","ESMA","Provincia:Málaga",1661785,6,173,0,0,0.0867052023121387,0.0419327272559891,NA,NA,NA,NA,NA,NA,NA,NA
"2020/10/19","ESMA","Provincia:Málaga",1661785,6,173,0,0,0.0867052023121387,0.0419327272559891,NA,NA,NA,NA,NA,NA,NA,NA
"2020/10/20","ESMA","Provincia:Málaga",1661785,6,173,0,0,0.0867052023121387,0.0419327272559891,NA,NA,NA,NA,NA,NA,NA,NA
"2020/10/21","ESMA","Provincia:Málaga",1661785,6,173,0,0,0.0867052023121387,0.0419327272559891,NA,NA,NA,NA,NA,NA,NA,NA
"2020/10/22","ESMA","Provincia:Málaga",1661785,6,173,0,0,0.0867052023121387,0.0419327272559891,NA,NA,NA,NA,NA,NA,NA,NA
"2020/10/23","ESMA","Provincia:Málaga",1661785,6,173,0,0,0.0867052023121387,0.0419327272559891,NA,NA,NA,NA,NA,NA,NA,NA
"2020/10/24","ESMA","Provincia:Málaga",1661785,6,173,0,0,0.0867052023121387,0.0419327272559891,NA,NA,NA,NA,NA,NA,NA,NA
"2020/10/25","ESMA","Provincia:Málaga",1661785,6,173,0,0,0.0867052023121387,0.0419327272559891,NA,NA,NA,NA,NA,NA,NA,NA
"2020/10/26","ESMA","Provincia:Málaga",1661785,6,173,0,0,0.0867052023121387,0.0419327272559891,NA,NA,NA,NA,NA,NA,NA,NA
"2020/10/27","ESMA","Provincia:Málaga",1661785,6,173,0,0,0.0867052023121387,0.0419327272559891,NA,NA,NA,NA,NA,NA,NA,NA
"2020/10/28","ESMA","Provincia:Málaga",1661785,6,173,0,0,0.0867052023121387,0.0419327272559891,NA,NA,NA,NA,NA,NA,NA,NA
"2020/10/29","ESMA","Provincia:Málaga",1661785,6,173,0,0,0.0867052023121387,0.0419327272559891,NA,NA,NA,NA,NA,NA,NA,NA
"2020/10/30","ESMA","Provincia:Málaga",1661785,6,173,0,0,0.0867052023121387,0.0419327272559891,NA,NA,NA,NA,NA,NA,NA,NA
"2020/10/31","ESMA","Provincia:Málaga",1661785,6,173,0,0,0.0867052023121387,0.0419327272559891,NA,NA,NA,NA,NA,NA,NA,NA
"2020/11/01","ESMA","Provincia:Málaga",1661785,6,173,0,0,0.0867052023121387,0.0419327272559891,NA,NA,NA,NA,NA,NA,NA,NA
"2020/11/02","ESMA","Provincia:Málaga",1661785,6,173,0,0,0.0867052023121387,0.0419327272559891,NA,NA,NA,NA,NA,NA,NA,NA
"2020/11/03","ESMA","Provincia:Málaga",1661785,6,173,0,0,0.0867052023121387,0.0419327272559891,NA,NA,NA,NA,NA,NA,NA,NA
"2020/11/04","ESMA","Provincia:Málaga",1661785,6,173,0,0,0.0867052023121387,0.0419327272559891,NA,NA,NA,NA,NA,NA,NA,NA
"2020/11/05","ESMA","Provincia:Málaga",1661785,6,173,0,0,0.0867052023121387,0.0419327272559891,NA,NA,NA,NA,NA,NA,NA,NA
"2020/11/06","ESMA","Provincia:Málaga",1661785,6,173,0,0,0.0867052023121387,0.0419327272559891,NA,NA,NA,NA,NA,NA,NA,NA
"2020/11/07","ESMA","Provincia:Málaga",1661785,6,173,0,0,0.0867052023121387,0.0419327272559891,NA,NA,NA,NA,NA,NA,NA,NA
"2020/11/08","ESMA","Provincia:Málaga",1661785,6,173,0,0,0.0867052023121387,0.0419327272559891,NA,NA,NA,NA,NA,NA,NA,NA
"2020/11/09","ESMA","Provincia:Málaga",1661785,6,173,0,0,0.0867052023121387,0.0419327272559891,NA,NA,NA,NA,NA,NA,NA,NA
"2020/11/10","ESMA","Provincia:Málaga",1661785,6,173,0,0,0.0867052023121387,0.0419327272559891,NA,NA,NA,NA,NA,NA,NA,NA
"2020/11/11","ESMA","Provincia:Málaga",1661785,6,173,0,0,0.0867052023121387,0.0419327272559891,NA,NA,NA,NA,NA,NA,NA,NA
"2020/11/12","ESMA","Provincia:Málaga",1661785,6,173,0,0,0.0867052023121387,0.0419327272559891,NA,NA,NA,NA,NA,NA,NA,NA
"2020/11/13","ESMA","Provincia:Málaga",1661785,6,173,0,0,0.0867052023121387,0.0419327272559891,NA,NA,NA,NA,NA,NA,NA,NA
"2020/11/14","ESMA","Provincia:Málaga",1661785,6,173,0,0,0.0867052023121387,0.0419327272559891,NA,NA,NA,NA,NA,NA,NA,NA
"2020/11/15","ESMA","Provincia:Málaga",1661785,6,173,0,0,0.0867052023121387,0.0419327272559891,NA,NA,NA,NA,NA,NA,NA,NA
"2020/11/16","ESMA","Provincia:Málaga",1661785,6,173,0,0,0.0867052023121387,0.0419327272559891,NA,NA,NA,NA,NA,NA,NA,NA
"2020/11/17","ESMA","Provincia:Málaga",1661785,6,173,0,0,0.0867052023121387,0.0419327272559891,NA,NA,NA,NA,NA,NA,NA,NA
"2020/11/18","ESMA","Provincia:Málaga",1661785,6,173,0,0,0.0867052023121387,0.0419327272559891,NA,NA,NA,NA,NA,NA,NA,NA
"2020/11/19","ESMA","Provincia:Málaga",1661785,6,173,0,0,0.0867052023121387,0.0419327272559891,NA,NA,NA,NA,NA,NA,NA,NA
"2020/11/20","ESMA","Provincia:Málaga",1661785,6,173,0,0,0.0867052023121387,0.0419327272559891,NA,NA,NA,NA,NA,NA,NA,NA
"2020/11/21","ESMA","Provincia:Málaga",1661785,6,173,0,0,0.0867052023121387,0.0419327272559891,NA,NA,NA,NA,NA,NA,NA,NA
"2020/11/22","ESMA","Provincia:Málaga",1661785,6,173,0,0,0.0867052023121387,0.0419327272559891,NA,NA,NA,NA,NA,NA,NA,NA
"2020/11/23","ESMA","Provincia:Málaga",1661785,6,173,0,0,0.0867052023121387,0.0419327272559891,NA,NA,NA,NA,NA,NA,NA,NA
"2020/11/24","ESMA","Provincia:Málaga",1661785,6,173,0,0,0.0867052023121387,0.0419327272559891,NA,NA,NA,NA,NA,NA,NA,NA
"2020/11/25","ESMA","Provincia:Málaga",1661785,6,173,0,0,0.0867052023121387,0.0419327272559891,NA,NA,NA,NA,NA,NA,NA,NA
"2020/11/26","ESMA","Provincia:Málaga",1661785,6,173,0,0,0.0867052023121387,0.0419327272559891,NA,NA,NA,NA,NA,NA,NA,NA
"2020/11/27","ESMA","Provincia:Málaga",1661785,6,173,0,0,0.0867052023121387,0.0419327272559891,NA,NA,NA,NA,NA,NA,NA,NA
"2020/11/28","ESMA","Provincia:Málaga",1661785,6,173,0,0,0.0867052023121387,0.0419327272559891,NA,NA,NA,NA,NA,NA,NA,NA
"2020/11/29","ESMA","Provincia:Málaga",1661785,6,173,0,0,0.0867052023121387,0.0419327272559891,NA,NA,NA,NA,NA,NA,NA,NA
"2020/11/30","ESMA","Provincia:Málaga",1661785,6,173,0,0,0.0867052023121387,0.0419327272559891,NA,NA,NA,NA,NA,NA,NA,NA
"2020/12/01","ESMA","Provincia:Málaga",1661785,6,173,0,0,0.0867052023121387,0.0419327272559891,NA,NA,NA,NA,NA,NA,NA,NA
"2020/12/02","ESMA","Provincia:Málaga",1661785,6,173,0,0,0.0867052023121387,0.0419327272559891,NA,NA,NA,NA,NA,NA,NA,NA
