"CountryName","CountryCode","RegionName","RegionCode","Jurisdiction","Date","C1_School.closing","C1_Flag","C2_Workplace.closing","C2_Flag","C3_Cancel.public.events","C3_Flag","C4_Restrictions.on.gatherings","C4_Flag","C5_Close.public.transport","C5_Flag","C6_Stay.at.home.requirements","C6_Flag","C7_Restrictions.on.internal.movement","C7_Flag","C8_International.travel.controls","E1_Income.support","E1_Flag","E2_Debt.contract.relief","E3_Fiscal.measures","E4_International.support","H1_Public.information.campaigns","H1_Flag","H2_Testing.policy","H3_Contact.tracing","H4_Emergency.investment.in.healthcare","H5_Investment.in.vaccines","H6_Facial.Coverings","H6_Flag","H7_Vaccination.policy","H7_Flag","M1_Wildcard","ConfirmedCases","ConfirmedDeaths","StringencyIndex","StringencyIndexForDisplay","StringencyLegacyIndex","StringencyLegacyIndexForDisplay","GovernmentResponseIndex","GovernmentResponseIndexForDisplay","ContainmentHealthIndex","ContainmentHealthIndexForDisplay","EconomicSupportIndex","EconomicSupportIndexForDisplay","cases","deaths"
"Poland","POL","","","NAT_TOTAL",2020-01-01,0,NA,0,NA,0,NA,0,NA,0,NA,0,NA,0,NA,0,0,NA,0,0,0,0,NA,0,0,0,0,0,NA,0,NA,NA,NA,NA,0,0,0,0,0,0,0,0,0,0,NA,NA
"Poland","POL","","","NAT_TOTAL",2020-01-02,0,NA,0,NA,0,NA,0,NA,0,NA,0,NA,0,NA,0,0,NA,0,0,0,0,NA,0,0,0,0,0,NA,0,NA,NA,NA,NA,0,0,0,0,0,0,0,0,0,0,NA,NA
"Poland","POL","","","NAT_TOTAL",2020-01-03,0,NA,0,NA,0,NA,0,NA,0,NA,0,NA,0,NA,0,0,NA,0,0,0,0,NA,0,0,0,0,0,NA,0,NA,NA,NA,NA,0,0,0,0,0,0,0,0,0,0,NA,NA
"Poland","POL","","","NAT_TOTAL",2020-01-04,0,NA,0,NA,0,NA,0,NA,0,NA,0,NA,0,NA,0,0,NA,0,0,0,0,NA,0,0,0,0,0,NA,0,NA,NA,NA,NA,0,0,0,0,0,0,0,0,0,0,NA,NA
"Poland","POL","","","NAT_TOTAL",2020-01-05,0,NA,0,NA,0,NA,0,NA,0,NA,0,NA,0,NA,0,0,NA,0,0,0,0,NA,0,0,0,0,0,NA,0,NA,NA,NA,NA,0,0,0,0,0,0,0,0,0,0,NA,NA
"Poland","POL","","","NAT_TOTAL",2020-01-06,0,NA,0,NA,0,NA,0,NA,0,NA,0,NA,0,NA,0,0,NA,0,0,0,0,NA,0,0,0,0,0,NA,0,NA,NA,NA,NA,0,0,0,0,0,0,0,0,0,0,NA,NA
"Poland","POL","","","NAT_TOTAL",2020-01-07,0,NA,0,NA,0,NA,0,NA,0,NA,0,NA,0,NA,0,0,NA,0,0,0,0,NA,0,0,0,0,0,NA,0,NA,NA,NA,NA,0,0,0,0,0,0,0,0,0,0,NA,NA
"Poland","POL","","","NAT_TOTAL",2020-01-08,0,NA,0,NA,0,NA,0,NA,0,NA,0,NA,0,NA,0,0,NA,0,0,0,0,NA,0,0,0,0,0,NA,0,NA,NA,NA,NA,0,0,0,0,0,0,0,0,0,0,NA,NA
"Poland","POL","","","NAT_TOTAL",2020-01-09,0,NA,0,NA,0,NA,0,NA,0,NA,0,NA,0,NA,0,0,NA,0,0,0,0,NA,0,0,0,0,0,NA,0,NA,NA,NA,NA,0,0,0,0,0,0,0,0,0,0,NA,NA
"Poland","POL","","","NAT_TOTAL",2020-01-10,0,NA,0,NA,0,NA,0,NA,0,NA,0,NA,0,NA,0,0,NA,0,0,0,0,NA,0,0,0,0,0,NA,0,NA,NA,NA,NA,0,0,0,0,0,0,0,0,0,0,NA,NA
"Poland","POL","","","NAT_TOTAL",2020-01-11,0,NA,0,NA,0,NA,0,NA,0,NA,0,NA,0,NA,0,0,NA,0,0,0,0,NA,0,0,0,0,0,NA,0,NA,NA,NA,NA,0,0,0,0,0,0,0,0,0,0,NA,NA
"Poland","POL","","","NAT_TOTAL",2020-01-12,0,NA,0,NA,0,NA,0,NA,0,NA,0,NA,0,NA,0,0,NA,0,0,0,0,NA,0,0,0,0,0,NA,0,NA,NA,NA,NA,0,0,0,0,0,0,0,0,0,0,NA,NA
"Poland","POL","","","NAT_TOTAL",2020-01-13,0,NA,0,NA,0,NA,0,NA,0,NA,0,NA,0,NA,0,0,NA,0,0,0,0,NA,0,0,0,0,0,NA,0,NA,NA,NA,NA,0,0,0,0,0,0,0,0,0,0,NA,NA
"Poland","POL","","","NAT_TOTAL",2020-01-14,0,NA,0,NA,0,NA,0,NA,0,NA,0,NA,0,NA,0,0,NA,0,0,0,0,NA,0,0,0,0,0,NA,0,NA,NA,NA,NA,0,0,0,0,0,0,0,0,0,0,NA,NA
"Poland","POL","","","NAT_TOTAL",2020-01-15,0,NA,0,NA,0,NA,0,NA,0,NA,0,NA,0,NA,0,0,NA,0,0,0,0,NA,0,0,0,0,0,NA,0,NA,NA,NA,NA,0,0,0,0,0,0,0,0,0,0,NA,NA
"Poland","POL","","","NAT_TOTAL",2020-01-16,0,NA,0,NA,0,NA,0,NA,0,NA,0,NA,0,NA,0,0,NA,0,0,0,0,NA,0,0,0,0,0,NA,0,NA,NA,NA,NA,0,0,0,0,0,0,0,0,0,0,NA,NA
"Poland","POL","","","NAT_TOTAL",2020-01-17,0,NA,0,NA,0,NA,0,NA,0,NA,0,NA,0,NA,0,0,NA,0,0,0,0,NA,0,0,0,0,0,NA,0,NA,NA,NA,NA,0,0,0,0,0,0,0,0,0,0,NA,NA
"Poland","POL","","","NAT_TOTAL",2020-01-18,0,NA,0,NA,0,NA,0,NA,0,NA,0,NA,0,NA,0,0,NA,0,0,0,0,NA,0,0,0,0,0,NA,0,NA,NA,NA,NA,0,0,0,0,0,0,0,0,0,0,NA,NA
"Poland","POL","","","NAT_TOTAL",2020-01-19,0,NA,0,NA,0,NA,0,NA,0,NA,0,NA,0,NA,0,0,NA,0,0,0,0,NA,0,0,0,0,0,NA,0,NA,NA,NA,NA,0,0,0,0,0,0,0,0,0,0,NA,NA
"Poland","POL","","","NAT_TOTAL",2020-01-20,0,NA,0,NA,0,NA,0,NA,0,NA,0,NA,0,NA,0,0,NA,0,0,0,0,NA,0,0,0,0,0,NA,0,NA,NA,NA,NA,0,0,0,0,0,0,0,0,0,0,NA,NA
"Poland","POL","","","NAT_TOTAL",2020-01-21,0,NA,0,NA,0,NA,0,NA,0,NA,0,NA,0,NA,0,0,NA,0,0,0,0,NA,0,0,0,0,0,NA,0,NA,NA,NA,NA,0,0,0,0,0,0,0,0,0,0,NA,NA
"Poland","POL","","","NAT_TOTAL",2020-01-22,0,NA,0,NA,0,NA,0,NA,0,NA,0,NA,0,NA,0,0,NA,0,0,0,0,NA,0,0,0,0,0,NA,0,NA,NA,0,0,0,0,0,0,0,0,0,0,0,0,NA,NA
"Poland","POL","","","NAT_TOTAL",2020-01-23,0,NA,0,NA,0,NA,0,NA,0,NA,0,NA,0,NA,0,0,NA,0,0,0,1,1,0,0,0,0,0,NA,0,NA,NA,0,0,5.56,5.56,9.52,9.52,3.33,3.33,3.85,3.85,0,0,0,0
"Poland","POL","","","NAT_TOTAL",2020-01-24,0,NA,0,NA,0,NA,0,NA,0,NA,0,NA,0,NA,0,0,NA,0,0,0,1,1,0,0,0,0,0,NA,0,NA,NA,0,0,5.56,5.56,9.52,9.52,3.33,3.33,3.85,3.85,0,0,0,0
"Poland","POL","","","NAT_TOTAL",2020-01-25,0,NA,0,NA,0,NA,0,NA,0,NA,0,NA,0,NA,0,0,NA,0,0,0,1,1,0,0,0,0,0,NA,0,NA,NA,0,0,5.56,5.56,9.52,9.52,3.33,3.33,3.85,3.85,0,0,0,0
"Poland","POL","","","NAT_TOTAL",2020-01-26,0,NA,0,NA,0,NA,0,NA,0,NA,0,NA,0,NA,0,0,NA,0,0,0,1,1,0,0,0,0,0,NA,0,NA,NA,0,0,5.56,5.56,9.52,9.52,3.33,3.33,3.85,3.85,0,0,0,0
"Poland","POL","","","NAT_TOTAL",2020-01-27,0,NA,0,NA,0,NA,0,NA,0,NA,0,NA,0,NA,0,0,NA,0,0,0,1,1,0,0,0,0,0,NA,0,NA,NA,0,0,5.56,5.56,9.52,9.52,3.33,3.33,3.85,3.85,0,0,0,0
"Poland","POL","","","NAT_TOTAL",2020-01-28,0,NA,0,NA,0,NA,0,NA,0,NA,0,NA,0,NA,0,0,NA,0,0,0,1,1,0,0,0,0,0,NA,0,NA,NA,0,0,5.56,5.56,9.52,9.52,3.33,3.33,3.85,3.85,0,0,0,0
"Poland","POL","","","NAT_TOTAL",2020-01-29,0,NA,0,NA,0,NA,0,NA,0,NA,0,NA,0,NA,0,0,NA,0,0,0,1,1,0,0,0,0,0,NA,0,NA,NA,0,0,5.56,5.56,9.52,9.52,3.33,3.33,3.85,3.85,0,0,0,0
"Poland","POL","","","NAT_TOTAL",2020-01-30,0,NA,0,NA,0,NA,0,NA,0,NA,0,NA,0,NA,0,0,NA,0,0,0,1,1,0,0,0,0,0,NA,0,NA,NA,0,0,5.56,5.56,9.52,9.52,3.33,3.33,3.85,3.85,0,0,0,0
"Poland","POL","","","NAT_TOTAL",2020-01-31,0,NA,0,NA,0,NA,0,NA,0,NA,0,NA,0,NA,0,0,NA,0,0,0,1,1,0,0,0,0,0,NA,0,NA,NA,0,0,5.56,5.56,9.52,9.52,3.33,3.33,3.85,3.85,0,0,0,0
"Poland","POL","","","NAT_TOTAL",2020-02-01,0,NA,0,NA,0,NA,0,NA,0,NA,0,NA,0,NA,0,0,NA,0,0,0,1,1,0,0,0,0,0,NA,0,NA,NA,0,0,5.56,5.56,9.52,9.52,3.33,3.33,3.85,3.85,0,0,0,0
"Poland","POL","","","NAT_TOTAL",2020-02-02,0,NA,0,NA,0,NA,0,NA,0,NA,0,NA,0,NA,0,0,NA,0,0,0,1,1,0,0,0,0,0,NA,0,NA,NA,0,0,5.56,5.56,9.52,9.52,3.33,3.33,3.85,3.85,0,0,0,0
"Poland","POL","","","NAT_TOTAL",2020-02-03,0,NA,0,NA,0,NA,0,NA,0,NA,0,NA,0,NA,0,0,NA,0,0,0,1,1,0,0,0,0,0,NA,0,NA,NA,0,0,5.56,5.56,9.52,9.52,3.33,3.33,3.85,3.85,0,0,0,0
"Poland","POL","","","NAT_TOTAL",2020-02-04,0,NA,0,NA,0,NA,0,NA,0,NA,0,NA,0,NA,0,0,NA,0,0,0,1,1,0,0,0,0,0,NA,0,NA,NA,0,0,5.56,5.56,9.52,9.52,3.33,3.33,3.85,3.85,0,0,0,0
"Poland","POL","","","NAT_TOTAL",2020-02-05,0,NA,0,NA,0,NA,0,NA,0,NA,0,NA,0,NA,0,0,NA,0,0,0,1,1,0,0,0,0,0,NA,0,NA,NA,0,0,5.56,5.56,9.52,9.52,3.33,3.33,3.85,3.85,0,0,0,0
"Poland","POL","","","NAT_TOTAL",2020-02-06,0,NA,0,NA,0,NA,0,NA,0,NA,0,NA,0,NA,0,0,NA,0,0,0,1,1,0,0,0,0,0,NA,0,NA,NA,0,0,5.56,5.56,9.52,9.52,3.33,3.33,3.85,3.85,0,0,0,0
"Poland","POL","","","NAT_TOTAL",2020-02-07,0,NA,0,NA,0,NA,0,NA,0,NA,0,NA,0,NA,0,0,NA,0,0,0,1,1,0,0,0,0,0,NA,0,NA,NA,0,0,5.56,5.56,9.52,9.52,3.33,3.33,3.85,3.85,0,0,0,0
"Poland","POL","","","NAT_TOTAL",2020-02-08,0,NA,0,NA,0,NA,0,NA,0,NA,0,NA,0,NA,0,0,NA,0,0,0,1,1,0,0,0,0,0,NA,0,NA,NA,0,0,5.56,5.56,9.52,9.52,3.33,3.33,3.85,3.85,0,0,0,0
"Poland","POL","","","NAT_TOTAL",2020-02-09,0,NA,0,NA,0,NA,0,NA,0,NA,0,NA,0,NA,0,0,NA,0,0,0,1,1,0,0,0,0,0,NA,0,NA,NA,0,0,5.56,5.56,9.52,9.52,3.33,3.33,3.85,3.85,0,0,0,0
"Poland","POL","","","NAT_TOTAL",2020-02-10,0,NA,0,NA,0,NA,0,NA,0,NA,0,NA,0,NA,0,0,NA,0,0,0,1,1,0,0,0,0,0,NA,0,NA,NA,0,0,5.56,5.56,9.52,9.52,3.33,3.33,3.85,3.85,0,0,0,0
"Poland","POL","","","NAT_TOTAL",2020-02-11,0,NA,0,NA,0,NA,0,NA,0,NA,0,NA,0,NA,0,0,NA,0,0,0,1,1,0,0,0,0,0,NA,0,NA,NA,0,0,5.56,5.56,9.52,9.52,3.33,3.33,3.85,3.85,0,0,0,0
"Poland","POL","","","NAT_TOTAL",2020-02-12,0,NA,0,NA,0,NA,0,NA,0,NA,0,NA,0,NA,0,0,NA,0,0,0,1,1,0,0,0,0,0,NA,0,NA,NA,0,0,5.56,5.56,9.52,9.52,3.33,3.33,3.85,3.85,0,0,0,0
"Poland","POL","","","NAT_TOTAL",2020-02-13,0,NA,0,NA,0,NA,0,NA,0,NA,0,NA,0,NA,0,0,NA,0,0,0,1,1,0,0,0,0,0,NA,0,NA,NA,0,0,5.56,5.56,9.52,9.52,3.33,3.33,3.85,3.85,0,0,0,0
"Poland","POL","","","NAT_TOTAL",2020-02-14,0,NA,0,NA,0,NA,0,NA,0,NA,0,NA,0,NA,0,0,NA,0,0,0,1,1,0,0,0,0,0,NA,0,NA,NA,0,0,5.56,5.56,9.52,9.52,3.33,3.33,3.85,3.85,0,0,0,0
"Poland","POL","","","NAT_TOTAL",2020-02-15,0,NA,0,NA,0,NA,0,NA,0,NA,0,NA,0,NA,0,0,NA,0,0,0,1,1,0,0,0,0,0,NA,0,NA,NA,0,0,5.56,5.56,9.52,9.52,3.33,3.33,3.85,3.85,0,0,0,0
"Poland","POL","","","NAT_TOTAL",2020-02-16,0,NA,0,NA,0,NA,0,NA,0,NA,0,NA,0,NA,0,0,NA,0,0,0,1,1,0,0,0,0,0,NA,0,NA,NA,0,0,5.56,5.56,9.52,9.52,3.33,3.33,3.85,3.85,0,0,0,0
"Poland","POL","","","NAT_TOTAL",2020-02-17,0,NA,0,NA,0,NA,0,NA,0,NA,0,NA,0,NA,0,0,NA,0,0,0,1,1,0,0,0,0,0,NA,0,NA,NA,0,0,5.56,5.56,9.52,9.52,3.33,3.33,3.85,3.85,0,0,0,0
"Poland","POL","","","NAT_TOTAL",2020-02-18,0,NA,0,NA,0,NA,0,NA,0,NA,0,NA,0,NA,0,0,NA,0,0,0,1,1,0,0,0,0,0,NA,0,NA,NA,0,0,5.56,5.56,9.52,9.52,3.33,3.33,3.85,3.85,0,0,0,0
"Poland","POL","","","NAT_TOTAL",2020-02-19,0,NA,0,NA,0,NA,0,NA,0,NA,0,NA,0,NA,0,0,NA,0,0,0,1,1,0,0,0,0,0,NA,0,NA,NA,0,0,5.56,5.56,9.52,9.52,3.33,3.33,3.85,3.85,0,0,0,0
"Poland","POL","","","NAT_TOTAL",2020-02-20,0,NA,0,NA,0,NA,0,NA,0,NA,0,NA,0,NA,0,0,NA,0,0,0,1,1,0,0,0,0,0,NA,0,NA,NA,0,0,5.56,5.56,9.52,9.52,3.33,3.33,3.85,3.85,0,0,0,0
"Poland","POL","","","NAT_TOTAL",2020-02-21,0,NA,0,NA,0,NA,0,NA,0,NA,0,NA,0,NA,0,0,NA,0,0,0,1,1,0,0,0,0,0,NA,0,NA,NA,0,0,5.56,5.56,9.52,9.52,3.33,3.33,3.85,3.85,0,0,0,0
"Poland","POL","","","NAT_TOTAL",2020-02-22,0,NA,0,NA,0,NA,0,NA,0,NA,0,NA,0,NA,0,0,NA,0,0,0,1,1,0,0,0,0,0,NA,0,NA,NA,0,0,5.56,5.56,9.52,9.52,3.33,3.33,3.85,3.85,0,0,0,0
"Poland","POL","","","NAT_TOTAL",2020-02-23,0,NA,0,NA,0,NA,0,NA,0,NA,0,NA,0,NA,0,0,NA,0,0,0,1,1,0,0,0,0,0,NA,0,NA,NA,0,0,5.56,5.56,9.52,9.52,3.33,3.33,3.85,3.85,0,0,0,0
"Poland","POL","","","NAT_TOTAL",2020-02-24,0,NA,0,NA,0,NA,0,NA,0,NA,0,NA,0,NA,0,0,NA,0,0,0,1,1,0,0,0,0,0,NA,0,NA,NA,0,0,5.56,5.56,9.52,9.52,3.33,3.33,3.85,3.85,0,0,0,0
"Poland","POL","","","NAT_TOTAL",2020-02-25,0,NA,0,NA,0,NA,0,NA,0,NA,0,NA,0,NA,0,0,NA,0,0,0,1,1,0,0,0,0,0,NA,0,NA,NA,0,0,5.56,5.56,9.52,9.52,3.33,3.33,3.85,3.85,0,0,0,0
"Poland","POL","","","NAT_TOTAL",2020-02-26,0,NA,0,NA,0,NA,0,NA,0,NA,0,NA,0,NA,0,0,NA,0,0,0,1,1,0,0,0,0,0,NA,0,NA,NA,0,0,5.56,5.56,9.52,9.52,3.33,3.33,3.85,3.85,0,0,0,0
"Poland","POL","","","NAT_TOTAL",2020-02-27,0,NA,0,NA,0,NA,0,NA,0,NA,0,NA,0,NA,0,0,NA,0,0,0,2,1,0,0,0,0,0,NA,0,NA,NA,0,0,11.11,11.11,14.29,14.29,6.67,6.67,7.69,7.69,0,0,0,0
"Poland","POL","","","NAT_TOTAL",2020-02-28,0,NA,0,NA,0,NA,0,NA,0,NA,0,NA,0,NA,0,0,NA,0,0,0,2,1,0,0,0,0,0,NA,0,NA,NA,0,0,11.11,11.11,14.29,14.29,6.67,6.67,7.69,7.69,0,0,0,0
"Poland","POL","","","NAT_TOTAL",2020-02-29,0,NA,0,NA,0,NA,0,NA,0,NA,0,NA,0,NA,0,0,NA,0,0,0,2,1,0,0,0,0,0,NA,0,NA,NA,0,0,11.11,11.11,14.29,14.29,6.67,6.67,7.69,7.69,0,0,0,0
"Poland","POL","","","NAT_TOTAL",2020-03-01,0,NA,0,NA,0,NA,0,NA,0,NA,0,NA,0,NA,0,0,NA,0,0,0,2,1,0,0,0,0,0,NA,0,NA,NA,0,0,11.11,11.11,14.29,14.29,6.67,6.67,7.69,7.69,0,0,0,0
"Poland","POL","","","NAT_TOTAL",2020-03-02,0,NA,0,NA,0,NA,0,NA,0,NA,0,NA,0,NA,0,0,NA,0,0,0,2,1,0,0,0,0,0,NA,0,NA,NA,0,0,11.11,11.11,14.29,14.29,6.67,6.67,7.69,7.69,0,0,0,0
"Poland","POL","","","NAT_TOTAL",2020-03-03,0,NA,0,NA,0,NA,0,NA,0,NA,0,NA,0,NA,0,0,NA,0,0,0,2,1,0,0,0,0,0,NA,0,NA,NA,0,0,11.11,11.11,14.29,14.29,6.67,6.67,7.69,7.69,0,0,0,0
"Poland","POL","","","NAT_TOTAL",2020-03-04,0,NA,0,NA,0,NA,0,NA,0,NA,0,NA,0,NA,0,0,NA,0,0,0,2,1,0,0,0,0,0,NA,0,NA,NA,1,0,11.11,11.11,14.29,14.29,6.67,6.67,7.69,7.69,0,0,1,0
"Poland","POL","","","NAT_TOTAL",2020-03-05,0,NA,0,NA,0,NA,0,NA,0,NA,0,NA,0,NA,0,0,NA,0,0,0,2,1,0,0,0,0,0,NA,0,NA,NA,1,0,11.11,11.11,14.29,14.29,6.67,6.67,7.69,7.69,0,0,0,0
"Poland","POL","","","NAT_TOTAL",2020-03-06,0,NA,0,NA,0,NA,0,NA,0,NA,0,NA,0,NA,0,0,NA,0,0,0,2,1,0,0,0,0,0,NA,0,NA,NA,5,0,11.11,11.11,14.29,14.29,6.67,6.67,7.69,7.69,0,0,4,0
"Poland","POL","","","NAT_TOTAL",2020-03-07,0,NA,0,NA,0,NA,0,NA,0,NA,0,NA,0,NA,0,0,NA,0,0,0,2,1,0,0,0,0,0,NA,0,NA,NA,5,0,11.11,11.11,14.29,14.29,6.67,6.67,7.69,7.69,0,0,0,0
"Poland","POL","","","NAT_TOTAL",2020-03-08,0,NA,0,NA,0,NA,0,NA,0,NA,0,NA,0,NA,0,0,NA,0,0,0,2,1,0,0,0,0,0,NA,0,NA,NA,11,0,11.11,11.11,14.29,14.29,6.67,6.67,7.69,7.69,0,0,6,0
"Poland","POL","","","NAT_TOTAL",2020-03-09,0,NA,0,NA,0,NA,0,NA,0,NA,0,NA,0,NA,1,0,NA,0,0,0,2,1,0,0,0,0,0,NA,0,NA,NA,16,0,13.89,13.89,17.86,17.86,8.33,8.33,9.62,9.62,0,0,5,0
"Poland","POL","","","NAT_TOTAL",2020-03-10,0,NA,0,NA,2,1,0,NA,0,NA,0,NA,0,NA,1,0,NA,0,0,0,2,1,0,0,0,0,0,NA,0,NA,NA,22,0,25,25,32.14,32.14,15,15,17.31,17.31,0,0,6,0
"Poland","POL","","","NAT_TOTAL",2020-03-11,0,NA,0,NA,2,1,0,NA,0,NA,0,NA,0,NA,1,0,NA,0,0,0,2,1,0,0,0,0,0,NA,0,NA,NA,31,0,25,25,32.14,32.14,15,15,17.31,17.31,0,0,9,0
"Poland","POL","","","NAT_TOTAL",2020-03-12,3,1,0,NA,2,1,0,NA,0,NA,0,NA,1,1,1,0,NA,0,0,0,2,1,0,0,0,0,0,NA,0,NA,NA,49,1,41.67,41.67,55.95,55.95,25,25,28.85,28.85,0,0,18,1
"Poland","POL","","","NAT_TOTAL",2020-03-13,3,1,0,NA,2,1,0,NA,0,NA,0,NA,1,1,1,0,NA,0,0,0,2,1,0,0,336870464,0,0,NA,0,NA,NA,68,2,41.67,41.67,55.95,55.95,25,25,28.85,28.85,0,0,19,1
"Poland","POL","","","NAT_TOTAL",2020-03-14,3,1,2,1,2,1,0,NA,0,NA,0,NA,1,1,1,0,NA,0,0,0,2,1,0,0,0,0,0,NA,0,NA,NA,103,3,49.07,49.07,66.67,66.67,29.44,29.44,33.97,33.97,0,0,35,1
"Poland","POL","","","NAT_TOTAL",2020-03-15,3,1,2,1,2,1,0,NA,0,NA,0,NA,1,1,4,0,NA,0,0,0,2,1,0,0,0,0,0,NA,0,NA,NA,119,3,57.41,57.41,77.38,77.38,34.44,34.44,39.74,39.74,0,0,16,0
"Poland","POL","","","NAT_TOTAL",2020-03-16,3,1,2,1,2,1,0,NA,0,NA,0,NA,1,1,4,0,NA,0,0,0,2,1,0,0,0,0,0,NA,0,NA,NA,177,4,57.41,57.41,77.38,77.38,34.44,34.44,39.74,39.74,0,0,58,1
"Poland","POL","","","NAT_TOTAL",2020-03-17,3,1,2,1,2,1,0,NA,0,NA,0,NA,1,1,4,0,NA,0,0,0,2,1,0,0,0,0,0,NA,0,NA,NA,238,5,57.41,57.41,77.38,77.38,34.44,34.44,39.74,39.74,0,0,61,1
"Poland","POL","","","NAT_TOTAL",2020-03-18,3,1,2,1,2,1,0,NA,0,NA,0,NA,1,1,4,1,0,0,50740292000,0,2,1,0,0,0,0,0,NA,0,NA,NA,251,5,57.41,57.41,77.38,77.38,36.11,36.11,39.74,39.74,12.5,12.5,13,0
"Poland","POL","","","NAT_TOTAL",2020-03-19,3,1,2,1,2,1,0,NA,0,NA,0,NA,1,1,4,1,0,0,0,0,2,1,0,0,0,0,0,NA,0,NA,NA,355,5,57.41,57.41,77.38,77.38,36.11,36.11,39.74,39.74,12.5,12.5,104,0
"Poland","POL","","","NAT_TOTAL",2020-03-20,3,1,2,1,2,1,0,NA,0,NA,0,NA,1,1,4,1,0,0,0,0,2,1,0,0,0,0,0,NA,0,NA,NA,425,5,57.41,57.41,77.38,77.38,36.11,36.11,39.74,39.74,12.5,12.5,70,0
"Poland","POL","","","NAT_TOTAL",2020-03-21,3,1,2,1,2,1,0,NA,0,NA,0,NA,1,1,4,1,0,0,0,0,2,1,0,0,0,0,0,NA,0,NA,NA,536,5,57.41,57.41,77.38,77.38,36.11,36.11,39.74,39.74,12.5,12.5,111,0
"Poland","POL","","","NAT_TOTAL",2020-03-22,3,1,2,1,2,1,0,NA,0,NA,0,NA,1,1,4,1,0,0,0,0,2,1,1,0,0,0,0,NA,0,NA,NA,634,7,57.41,57.41,77.38,77.38,38.33,38.33,42.31,42.31,12.5,12.5,98,2
"Poland","POL","","","NAT_TOTAL",2020-03-23,3,1,2,1,2,1,0,NA,0,NA,0,NA,1,1,4,1,0,0,0,0,2,1,1,0,0,0,0,NA,0,NA,NA,749,8,57.41,57.41,77.38,77.38,38.33,38.33,42.31,42.31,12.5,12.5,115,1
"Poland","POL","","","NAT_TOTAL",2020-03-24,3,1,2,1,2,1,0,NA,0,NA,0,NA,1,1,4,1,0,0,0,0,2,1,1,0,0,0,0,NA,0,NA,NA,901,10,57.41,57.41,77.38,77.38,38.33,38.33,42.31,42.31,12.5,12.5,152,2
"Poland","POL","","","NAT_TOTAL",2020-03-25,3,1,2,1,2,1,0,NA,0,NA,0,NA,1,1,4,1,0,1,0,0,2,1,1,0,0,0,0,NA,0,NA,NA,1051,14,57.41,57.41,77.38,77.38,41.67,41.67,42.31,42.31,37.5,37.5,150,4
"Poland","POL","","","NAT_TOTAL",2020-03-26,3,1,2,1,2,1,0,NA,0,NA,0,NA,1,1,4,1,0,1,0,0,2,1,1,0,0,0,0,NA,0,NA,NA,1221,16,57.41,57.41,77.38,77.38,41.67,41.67,42.31,42.31,37.5,37.5,170,2
"Poland","POL","","","NAT_TOTAL",2020-03-27,3,1,2,1,2,1,0,NA,0,NA,0,NA,1,1,4,1,0,1,0,0,2,1,1,0,0,0,0,NA,0,NA,NA,1389,16,57.41,57.41,77.38,77.38,41.67,41.67,42.31,42.31,37.5,37.5,168,0
"Poland","POL","","","NAT_TOTAL",2020-03-28,3,1,2,1,2,1,0,NA,0,NA,0,NA,1,1,4,1,0,1,0,0,2,1,1,0,0,0,0,NA,0,NA,NA,1638,18,57.41,57.41,77.38,77.38,41.67,41.67,42.31,42.31,37.5,37.5,249,2
"Poland","POL","","","NAT_TOTAL",2020-03-29,3,1,2,1,2,1,0,NA,0,NA,0,NA,1,1,4,1,0,1,0,0,2,1,1,0,0,0,0,NA,0,NA,NA,1862,22,57.41,57.41,77.38,77.38,41.67,41.67,42.31,42.31,37.5,37.5,224,4
"Poland","POL","","","NAT_TOTAL",2020-03-30,3,1,2,1,2,1,0,NA,0,NA,0,NA,1,1,4,1,0,1,0,0,2,1,1,0,0,0,0,NA,0,NA,NA,2055,31,57.41,57.41,77.38,77.38,41.67,41.67,42.31,42.31,37.5,37.5,193,9
"Poland","POL","","","NAT_TOTAL",2020-03-31,3,1,2,1,2,1,4,1,0,NA,2,1,2,1,4,1,0,1,0,0,2,1,1,0,0,0,0,NA,0,NA,NA,2311,33,81.48,81.48,82.14,82.14,56.11,56.11,58.97,58.97,37.5,37.5,256,2
"Poland","POL","","","NAT_TOTAL",2020-04-01,3,1,2,1,2,1,4,1,0,NA,2,1,2,1,4,1,0,1,0,0,2,1,1,0,0,0,0,NA,0,NA,NA,2554,43,81.48,81.48,82.14,82.14,56.11,56.11,58.97,58.97,37.5,37.5,243,10
"Poland","POL","","","NAT_TOTAL",2020-04-02,3,1,2,1,2,1,4,1,0,NA,2,1,2,1,4,1,0,1,0,0,2,1,1,0,0,0,0,NA,0,NA,NA,2946,57,81.48,81.48,82.14,82.14,56.11,56.11,58.97,58.97,37.5,37.5,392,14
"Poland","POL","","","NAT_TOTAL",2020-04-03,3,1,2,1,2,1,4,1,0,NA,2,1,2,1,4,1,0,1,0,0,2,1,1,0,0,0,0,NA,0,NA,NA,3383,71,81.48,81.48,82.14,82.14,56.11,56.11,58.97,58.97,37.5,37.5,437,14
"Poland","POL","","","NAT_TOTAL",2020-04-04,3,1,2,1,2,1,4,1,0,NA,2,1,2,1,4,1,0,1,0,0,2,1,1,0,0,0,0,NA,0,NA,NA,3627,79,81.48,81.48,82.14,82.14,56.11,56.11,58.97,58.97,37.5,37.5,244,8
"Poland","POL","","","NAT_TOTAL",2020-04-05,3,1,2,1,2,1,4,1,0,NA,2,1,2,1,4,1,0,1,0,0,2,1,1,0,0,0,0,NA,0,NA,NA,4102,94,81.48,81.48,82.14,82.14,56.11,56.11,58.97,58.97,37.5,37.5,475,15
"Poland","POL","","","NAT_TOTAL",2020-04-06,3,1,2,1,2,1,4,1,0,NA,2,1,2,1,4,1,0,1,0,0,2,1,1,0,0,0,0,NA,0,NA,NA,4413,107,81.48,81.48,82.14,82.14,56.11,56.11,58.97,58.97,37.5,37.5,311,13
"Poland","POL","","","NAT_TOTAL",2020-04-07,3,1,2,1,2,1,4,1,0,NA,2,1,2,1,4,1,0,1,4331191680,0,2,1,1,0,0,0,0,NA,0,NA,NA,4848,129,81.48,81.48,82.14,82.14,56.11,56.11,58.97,58.97,37.5,37.5,435,22
"Poland","POL","","","NAT_TOTAL",2020-04-08,3,1,2,1,2,1,4,1,0,NA,2,1,2,1,4,1,0,1,24062176000,0,2,1,1,0,0,0,0,NA,0,NA,NA,5205,159,81.48,81.48,82.14,82.14,56.11,56.11,58.97,58.97,37.5,37.5,357,30
"Poland","POL","","","NAT_TOTAL",2020-04-09,3,1,2,1,2,1,4,1,1,1,1,1,2,1,4,1,0,1,0,0,2,1,1,0,0,0,0,NA,0,NA,NA,5575,174,83.33,83.33,91.67,91.67,57.22,57.22,60.26,60.26,37.5,37.5,370,15
"Poland","POL","","","NAT_TOTAL",2020-04-10,3,1,2,1,2,1,4,1,1,1,1,1,2,1,4,1,0,1,0,0,2,1,1,0,0,0,0,NA,0,NA,NA,5955,181,83.33,83.33,91.67,91.67,57.22,57.22,60.26,60.26,37.5,37.5,380,7
"Poland","POL","","","NAT_TOTAL",2020-04-11,3,1,2,1,2,1,4,1,1,1,1,1,2,1,4,1,0,1,0,0,2,1,1,0,0,0,0,NA,0,NA,NA,6356,208,83.33,83.33,91.67,91.67,57.22,57.22,60.26,60.26,37.5,37.5,401,27
"Poland","POL","","","NAT_TOTAL",2020-04-12,3,1,2,1,2,1,4,1,1,1,1,1,2,1,4,1,0,1,0,0,2,1,1,0,0,0,0,NA,0,NA,NA,6674,232,83.33,83.33,91.67,91.67,57.22,57.22,60.26,60.26,37.5,37.5,318,24
"Poland","POL","","","NAT_TOTAL",2020-04-13,3,1,2,1,2,1,4,1,1,1,1,1,2,1,4,1,0,1,0,0,2,1,1,0,0,0,0,NA,0,NA,NA,6934,245,83.33,83.33,91.67,91.67,57.22,57.22,60.26,60.26,37.5,37.5,260,13
"Poland","POL","","","NAT_TOTAL",2020-04-14,3,1,2,1,2,1,4,1,1,1,1,1,2,1,4,1,0,1,0,0,2,1,1,0,0,0,0,NA,0,NA,NA,7202,263,83.33,83.33,91.67,91.67,57.22,57.22,60.26,60.26,37.5,37.5,268,18
"Poland","POL","","","NAT_TOTAL",2020-04-15,3,1,2,1,2,1,4,1,1,1,1,1,2,1,4,1,0,1,0,0,2,1,1,0,0,0,0,NA,0,NA,NA,7582,286,83.33,83.33,91.67,91.67,57.22,57.22,60.26,60.26,37.5,37.5,380,23
"Poland","POL","","","NAT_TOTAL",2020-04-16,3,1,2,1,2,1,4,1,1,1,1,1,2,1,4,1,0,1,0,0,2,1,1,0,0,0,3,1,0,NA,NA,7918,314,83.33,83.33,91.67,91.67,62.22,62.22,66.03,66.03,37.5,37.5,336,28
"Poland","POL","","","NAT_TOTAL",2020-04-17,3,1,2,1,2,1,4,1,1,1,1,1,2,1,4,1,0,1,0,0,2,1,1,0,0,0,3,1,0,NA,NA,8379,332,83.33,83.33,91.67,91.67,62.22,62.22,66.03,66.03,37.5,37.5,461,18
"Poland","POL","","","NAT_TOTAL",2020-04-18,3,1,2,1,2,1,4,1,1,1,1,1,2,1,4,1,0,1,0,0,2,1,1,0,0,0,3,1,0,NA,NA,8742,347,83.33,83.33,91.67,91.67,62.22,62.22,66.03,66.03,37.5,37.5,363,15
"Poland","POL","","","NAT_TOTAL",2020-04-19,3,1,2,1,2,1,4,1,1,1,1,1,2,1,4,1,0,1,0,0,2,1,1,0,0,0,3,1,0,NA,NA,9287,360,83.33,83.33,91.67,91.67,62.22,62.22,66.03,66.03,37.5,37.5,545,13
"Poland","POL","","","NAT_TOTAL",2020-04-20,3,1,2,1,2,1,4,1,1,1,1,1,2,1,4,1,0,1,0,0,2,1,1,0,0,0,3,1,0,NA,NA,9593,380,83.33,83.33,91.67,91.67,62.22,62.22,66.03,66.03,37.5,37.5,306,20
"Poland","POL","","","NAT_TOTAL",2020-04-21,3,1,2,1,2,1,4,1,1,1,1,1,2,1,4,1,0,1,0,0,2,1,1,0,0,0,3,1,0,NA,NA,9856,401,83.33,83.33,91.67,91.67,62.22,62.22,66.03,66.03,37.5,37.5,263,21
"Poland","POL","","","NAT_TOTAL",2020-04-22,3,1,2,1,2,1,4,1,1,1,1,1,2,1,4,1,0,1,0,0,2,1,1,0,0,0,3,1,0,NA,NA,10169,426,83.33,83.33,91.67,91.67,62.22,62.22,66.03,66.03,37.5,37.5,313,25
"Poland","POL","","","NAT_TOTAL",2020-04-23,3,1,2,1,2,1,4,1,1,1,1,1,2,1,4,1,0,1,0,0,2,1,1,0,0,0,3,1,0,NA,NA,10511,454,83.33,83.33,91.67,91.67,62.22,62.22,66.03,66.03,37.5,37.5,342,28
"Poland","POL","","","NAT_TOTAL",2020-04-24,3,1,2,1,2,1,4,1,1,1,1,1,2,1,4,1,0,1,0,0,2,1,1,0,0,0,3,1,0,NA,NA,10892,494,83.33,83.33,91.67,91.67,62.22,62.22,66.03,66.03,37.5,37.5,381,40
"Poland","POL","","","NAT_TOTAL",2020-04-25,3,1,2,1,2,1,4,1,1,1,1,1,2,1,4,1,0,1,0,0,2,1,1,0,0,0,3,1,0,NA,NA,11273,524,83.33,83.33,91.67,91.67,62.22,62.22,66.03,66.03,37.5,37.5,381,30
"Poland","POL","","","NAT_TOTAL",2020-04-26,3,1,2,1,2,1,4,1,1,1,1,1,2,1,4,1,0,1,0,0,2,1,1,0,0,0,3,1,0,NA,NA,11617,535,83.33,83.33,91.67,91.67,62.22,62.22,66.03,66.03,37.5,37.5,344,11
"Poland","POL","","","NAT_TOTAL",2020-04-27,3,1,2,1,2,1,4,1,1,1,1,1,2,1,4,1,0,1,0,0,2,1,1,0,0,0,3,1,0,NA,NA,11902,562,83.33,83.33,91.67,91.67,62.22,62.22,66.03,66.03,37.5,37.5,285,27
"Poland","POL","","","NAT_TOTAL",2020-04-28,3,1,2,1,2,1,4,1,1,1,1,1,2,1,4,1,0,1,0,0,2,1,1,0,0,0,3,1,0,NA,NA,12218,596,83.33,83.33,91.67,91.67,62.22,62.22,66.03,66.03,37.5,37.5,316,34
"Poland","POL","","","NAT_TOTAL",2020-04-29,3,1,2,1,2,1,4,1,1,1,1,1,2,1,4,1,0,1,0,0,2,1,1,0,0,0,3,1,0,NA,NA,12640,624,83.33,83.33,91.67,91.67,62.22,62.22,66.03,66.03,37.5,37.5,422,28
"Poland","POL","","","NAT_TOTAL",2020-04-30,3,1,2,1,2,1,4,1,1,1,1,1,2,1,4,1,0,1,0,0,2,1,1,0,0,0,3,1,0,NA,NA,12877,644,83.33,83.33,91.67,91.67,62.22,62.22,66.03,66.03,37.5,37.5,237,20
"Poland","POL","","","NAT_TOTAL",2020-05-01,3,1,2,1,2,1,4,1,1,1,1,1,2,1,4,1,0,1,0,0,2,1,1,0,0,0,3,1,0,NA,NA,13105,651,83.33,83.33,91.67,91.67,62.22,62.22,66.03,66.03,37.5,37.5,228,7
"Poland","POL","","","NAT_TOTAL",2020-05-02,3,1,2,1,2,1,4,1,1,1,1,1,2,1,4,1,0,1,0,0,2,1,1,0,0,0,3,1,0,NA,NA,13375,664,83.33,83.33,91.67,91.67,62.22,62.22,66.03,66.03,37.5,37.5,270,13
"Poland","POL","","","NAT_TOTAL",2020-05-03,3,1,2,1,2,1,4,1,1,1,1,1,2,1,4,1,0,1,0,0,2,1,1,0,0,0,3,1,0,NA,NA,13693,678,83.33,83.33,91.67,91.67,62.22,62.22,66.03,66.03,37.5,37.5,318,14
"Poland","POL","","","NAT_TOTAL",2020-05-04,3,1,2,1,2,1,4,1,1,1,1,1,2,1,4,1,0,1,0,0,2,1,1,0,0,0,3,1,0,NA,NA,14006,698,83.33,83.33,91.67,91.67,62.22,62.22,66.03,66.03,37.5,37.5,313,20
"Poland","POL","","","NAT_TOTAL",2020-05-05,3,1,2,1,2,1,4,1,1,1,1,1,2,1,4,1,0,1,118721500,0,2,1,1,0,0,0,3,1,0,NA,NA,14431,716,83.33,83.33,91.67,91.67,62.22,62.22,66.03,66.03,37.5,37.5,425,18
"Poland","POL","","","NAT_TOTAL",2020-05-06,3,1,2,1,2,1,4,1,1,1,1,1,2,1,4,1,0,1,0,0,2,1,1,0,0,0,3,1,0,NA,NA,14740,733,83.33,83.33,91.67,91.67,62.22,62.22,66.03,66.03,37.5,37.5,309,17
"Poland","POL","","","NAT_TOTAL",2020-05-07,3,1,2,1,2,1,4,1,1,1,1,1,2,1,4,1,0,1,0,0,2,1,1,0,0,0,3,1,0,NA,NA,15047,755,83.33,83.33,91.67,91.67,62.22,62.22,66.03,66.03,37.5,37.5,307,22
"Poland","POL","","","NAT_TOTAL",2020-05-08,3,1,2,1,2,1,4,1,1,1,1,1,2,1,4,1,0,1,0,0,2,1,1,0,0,0,3,1,0,NA,NA,15366,776,83.33,83.33,91.67,91.67,62.22,62.22,66.03,66.03,37.5,37.5,319,21
"Poland","POL","","","NAT_TOTAL",2020-05-09,3,1,2,1,2,1,4,1,1,1,1,1,2,1,4,1,0,1,0,0,2,1,1,0,0,0,3,1,0,NA,NA,15651,785,83.33,83.33,91.67,91.67,62.22,62.22,66.03,66.03,37.5,37.5,285,9
"Poland","POL","","","NAT_TOTAL",2020-05-10,3,1,2,1,2,1,4,1,1,1,1,1,2,1,4,1,0,1,0,0,2,1,1,0,0,0,3,1,0,NA,NA,15996,800,83.33,83.33,91.67,91.67,62.22,62.22,66.03,66.03,37.5,37.5,345,15
"Poland","POL","","","NAT_TOTAL",2020-05-11,3,1,2,1,2,1,4,1,1,1,1,1,2,1,4,1,0,1,0,0,2,1,1,0,0,0,3,1,0,NA,NA,16326,811,83.33,83.33,91.67,91.67,62.22,62.22,66.03,66.03,37.5,37.5,330,11
"Poland","POL","","","NAT_TOTAL",2020-05-12,3,1,2,1,2,1,4,1,1,1,1,1,2,1,4,1,0,1,0,0,2,1,1,0,0,0,3,1,0,NA,NA,16921,839,83.33,83.33,91.67,91.67,62.22,62.22,66.03,66.03,37.5,37.5,595,28
"Poland","POL","","","NAT_TOTAL",2020-05-13,3,1,2,1,2,1,4,1,1,1,1,1,2,1,4,1,0,1,0,0,2,1,1,0,0,0,3,1,0,NA,NA,17204,861,83.33,83.33,91.67,91.67,62.22,62.22,66.03,66.03,37.5,37.5,283,22
"Poland","POL","","","NAT_TOTAL",2020-05-14,3,1,2,1,2,1,4,1,1,1,1,1,2,1,4,1,0,1,0,0,2,1,1,0,0,0,3,1,0,NA,NA,17615,883,83.33,83.33,91.67,91.67,62.22,62.22,66.03,66.03,37.5,37.5,411,22
"Poland","POL","","","NAT_TOTAL",2020-05-15,3,1,2,1,2,1,4,1,1,1,1,1,2,1,4,1,0,1,0,0,2,1,1,0,0,0,3,1,0,NA,NA,18016,907,83.33,83.33,91.67,91.67,62.22,62.22,66.03,66.03,37.5,37.5,401,24
"Poland","POL","","","NAT_TOTAL",2020-05-16,3,1,2,1,2,1,4,1,1,1,1,1,2,1,4,1,0,1,0,0,2,1,1,0,0,0,3,1,0,NA,NA,18257,915,83.33,83.33,91.67,91.67,62.22,62.22,66.03,66.03,37.5,37.5,241,8
"Poland","POL","","","NAT_TOTAL",2020-05-17,3,1,2,1,2,1,4,1,1,1,1,1,2,1,4,1,0,1,0,0,2,1,1,0,0,0,3,1,0,NA,NA,18529,925,83.33,83.33,91.67,91.67,62.22,62.22,66.03,66.03,37.5,37.5,272,10
"Poland","POL","","","NAT_TOTAL",2020-05-18,3,1,2,1,2,1,4,1,1,1,1,1,2,1,4,1,0,1,0,0,2,1,1,0,0,0,3,1,0,NA,NA,18885,936,83.33,83.33,91.67,91.67,62.22,62.22,66.03,66.03,37.5,37.5,356,11
"Poland","POL","","","NAT_TOTAL",2020-05-19,3,1,2,1,2,1,4,1,1,1,1,1,2,1,4,1,0,1,0,0,2,1,1,0,0,0,3,1,0,NA,NA,19268,948,83.33,83.33,91.67,91.67,62.22,62.22,66.03,66.03,37.5,37.5,383,12
"Poland","POL","","","NAT_TOTAL",2020-05-20,3,1,2,1,2,1,4,1,1,1,1,1,2,1,4,1,0,1,0,0,2,1,1,0,0,0,3,1,0,NA,NA,19739,962,83.33,83.33,91.67,91.67,62.22,62.22,66.03,66.03,37.5,37.5,471,14
"Poland","POL","","","NAT_TOTAL",2020-05-21,3,1,2,1,2,1,4,1,1,1,1,1,2,1,4,1,0,1,0,0,2,1,1,0,0,0,3,1,0,NA,NA,20143,972,83.33,83.33,91.67,91.67,62.22,62.22,66.03,66.03,37.5,37.5,404,10
"Poland","POL","","","NAT_TOTAL",2020-05-22,3,1,2,1,2,1,4,1,1,1,1,1,2,1,4,1,0,1,0,0,2,1,1,0,0,0,3,1,0,NA,NA,20619,982,83.33,83.33,91.67,91.67,62.22,62.22,66.03,66.03,37.5,37.5,476,10
"Poland","POL","","","NAT_TOTAL",2020-05-23,3,1,2,1,2,1,4,1,1,1,1,1,2,1,4,1,0,1,0,0,2,1,1,0,0,0,3,1,0,NA,NA,20931,993,83.33,83.33,91.67,91.67,62.22,62.22,66.03,66.03,37.5,37.5,312,11
"Poland","POL","","","NAT_TOTAL",2020-05-24,3,1,2,1,2,1,4,1,1,1,1,1,2,1,4,1,0,1,0,0,2,1,1,0,0,0,3,1,0,NA,NA,21326,996,83.33,83.33,91.67,91.67,62.22,62.22,66.03,66.03,37.5,37.5,395,3
"Poland","POL","","","NAT_TOTAL",2020-05-25,2,1,2,1,2,1,4,1,1,1,1,1,2,1,4,1,0,1,0,0,2,1,1,0,0,0,3,1,0,NA,NA,21631,1007,79.63,79.63,88.1,88.1,60,60,63.46,63.46,37.5,37.5,305,11
"Poland","POL","","","NAT_TOTAL",2020-05-26,2,1,2,1,2,1,4,1,1,1,1,1,2,1,4,1,0,1,0,0,2,1,1,0,0,0,3,1,0,NA,NA,22074,1024,79.63,79.63,88.1,88.1,60,60,63.46,63.46,37.5,37.5,443,17
"Poland","POL","","","NAT_TOTAL",2020-05-27,2,1,2,1,2,1,4,1,1,1,1,1,2,1,4,1,0,1,0,0,2,1,1,0,0,0,3,1,0,NA,NA,22473,1028,79.63,79.63,88.1,88.1,60,60,63.46,63.46,37.5,37.5,399,4
"Poland","POL","","","NAT_TOTAL",2020-05-28,2,1,2,1,2,1,4,1,1,1,1,1,2,1,4,1,0,1,0,0,2,1,1,0,0,0,3,1,0,NA,NA,22825,1038,79.63,79.63,88.1,88.1,60,60,63.46,63.46,37.5,37.5,352,10
"Poland","POL","","","NAT_TOTAL",2020-05-29,2,1,2,1,2,1,4,1,1,1,1,1,2,1,4,1,0,1,0,0,2,1,1,0,0,0,3,1,0,NA,NA,23155,1051,79.63,79.63,88.1,88.1,60,60,63.46,63.46,37.5,37.5,330,13
"Poland","POL","","","NAT_TOTAL",2020-05-30,2,1,2,1,1,1,2,1,1,1,0,NA,2,1,4,1,0,1,0,0,2,1,1,0,0,0,2,1,0,NA,NA,23571,1061,64.81,64.81,83.33,83.33,49.44,49.44,51.28,51.28,37.5,37.5,416,10
"Poland","POL","","","NAT_TOTAL",2020-05-31,2,1,2,1,1,1,2,1,1,1,0,NA,2,1,4,1,0,1,0,0,2,1,1,0,0,0,2,1,0,NA,NA,23786,1064,64.81,64.81,83.33,83.33,49.44,49.44,51.28,51.28,37.5,37.5,215,3
"Poland","POL","","","NAT_TOTAL",2020-06-01,2,1,2,1,1,1,2,1,1,1,0,NA,2,1,4,1,0,1,0,0,2,1,1,0,0,0,2,1,0,NA,NA,24165,1074,64.81,64.81,83.33,83.33,49.44,49.44,51.28,51.28,37.5,37.5,379,10
"Poland","POL","","","NAT_TOTAL",2020-06-02,2,1,2,1,1,1,2,1,1,1,0,NA,0,NA,4,1,0,1,0,0,2,1,2,2,0,0,2,1,0,NA,NA,24395,1092,53.7,53.7,69.05,69.05,51.67,51.67,53.85,53.85,37.5,37.5,230,18
"Poland","POL","","","NAT_TOTAL",2020-06-03,2,1,2,1,1,1,2,1,1,1,0,NA,0,NA,4,1,0,1,0,0,2,1,2,2,0,0,2,1,0,NA,NA,24687,1115,53.7,53.7,69.05,69.05,51.67,51.67,53.85,53.85,37.5,37.5,292,23
"Poland","POL","","","NAT_TOTAL",2020-06-04,2,1,2,1,1,1,2,1,1,1,0,NA,0,NA,4,1,0,1,0,0,2,1,2,2,0,0,2,1,0,NA,NA,25048,1117,53.7,53.7,69.05,69.05,51.67,51.67,53.85,53.85,37.5,37.5,361,2
"Poland","POL","","","NAT_TOTAL",2020-06-05,2,1,2,1,1,1,2,1,1,1,0,NA,0,NA,4,1,0,1,0,0,2,1,2,2,0,0,2,1,0,NA,NA,25410,1137,53.7,53.7,69.05,69.05,51.67,51.67,53.85,53.85,37.5,37.5,362,20
"Poland","POL","","","NAT_TOTAL",2020-06-06,2,1,2,1,1,1,2,1,1,1,0,NA,0,NA,4,1,0,1,0,0,2,1,2,2,0,0,2,1,0,NA,NA,25986,1153,53.7,53.7,69.05,69.05,51.67,51.67,53.85,53.85,37.5,37.5,576,16
"Poland","POL","","","NAT_TOTAL",2020-06-07,2,1,2,1,1,1,2,1,1,1,0,NA,0,NA,4,1,0,1,0,0,2,1,2,2,0,0,2,1,0,NA,NA,26561,1157,53.7,53.7,69.05,69.05,51.67,51.67,53.85,53.85,37.5,37.5,575,4
"Poland","POL","","","NAT_TOTAL",2020-06-08,2,1,2,1,1,1,2,1,1,1,0,NA,0,NA,4,1,0,1,0,0,2,1,2,2,0,0,2,1,0,NA,NA,27160,1166,53.7,53.7,69.05,69.05,51.67,51.67,53.85,53.85,37.5,37.5,599,9
"Poland","POL","","","NAT_TOTAL",2020-06-09,2,1,2,1,1,1,2,1,1,1,0,NA,0,NA,4,1,0,1,0,0,2,1,2,2,0,0,2,1,0,NA,NA,27560,1183,53.7,53.7,69.05,69.05,51.67,51.67,53.85,53.85,37.5,37.5,400,17
"Poland","POL","","","NAT_TOTAL",2020-06-10,2,1,2,1,1,1,2,1,1,1,0,NA,0,NA,4,1,0,1,0,0,2,1,2,2,0,0,2,1,0,NA,NA,27842,1206,53.7,53.7,69.05,69.05,51.67,51.67,53.85,53.85,37.5,37.5,282,23
"Poland","POL","","","NAT_TOTAL",2020-06-11,2,1,2,1,1,1,2,1,1,1,0,NA,0,NA,4,1,0,1,0,0,2,1,2,2,0,0,2,1,0,NA,NA,28201,1215,53.7,53.7,69.05,69.05,51.67,51.67,53.85,53.85,37.5,37.5,359,9
"Poland","POL","","","NAT_TOTAL",2020-06-12,2,1,2,1,1,1,2,1,1,1,0,NA,0,NA,4,1,0,1,0,0,2,1,2,2,0,0,2,1,0,NA,NA,28577,1222,53.7,53.7,69.05,69.05,51.67,51.67,53.85,53.85,37.5,37.5,376,7
"Poland","POL","","","NAT_TOTAL",2020-06-13,2,1,2,1,1,1,2,1,1,1,0,NA,0,NA,4,1,0,1,0,0,2,1,2,2,0,0,2,1,0,NA,NA,29017,1237,53.7,53.7,69.05,69.05,51.67,51.67,53.85,53.85,37.5,37.5,440,15
"Poland","POL","","","NAT_TOTAL",2020-06-14,2,1,2,1,1,1,2,1,1,1,0,NA,0,NA,4,1,0,1,0,0,2,1,2,2,0,0,2,1,0,NA,NA,29392,1247,53.7,53.7,69.05,69.05,51.67,51.67,53.85,53.85,37.5,37.5,375,10
"Poland","POL","","","NAT_TOTAL",2020-06-15,2,1,2,1,1,1,2,1,1,1,0,NA,0,NA,3,1,0,1,0,0,2,1,2,2,0,0,2,1,0,NA,NA,29788,1256,50.93,50.93,65.48,65.48,50,50,51.92,51.92,37.5,37.5,396,9
"Poland","POL","","","NAT_TOTAL",2020-06-16,2,1,2,1,1,1,2,1,1,1,0,NA,0,NA,3,1,0,1,0,0,2,1,2,2,0,0,2,1,0,NA,NA,30195,1272,50.93,50.93,65.48,65.48,50,50,51.92,51.92,37.5,37.5,407,16
"Poland","POL","","","NAT_TOTAL",2020-06-17,2,1,2,1,1,1,2,1,1,1,0,NA,0,NA,3,1,0,1,0,0,2,1,2,2,0,0,2,1,0,NA,NA,30701,1286,50.93,50.93,65.48,65.48,50,50,51.92,51.92,37.5,37.5,506,14
"Poland","POL","","","NAT_TOTAL",2020-06-18,2,1,2,1,1,1,2,1,1,1,0,NA,0,NA,3,1,0,1,0,0,2,1,2,2,0,0,2,1,0,NA,NA,31015,1316,50.93,50.93,65.48,65.48,50,50,51.92,51.92,37.5,37.5,314,30
"Poland","POL","","","NAT_TOTAL",2020-06-19,2,1,2,1,1,1,2,1,1,1,0,NA,0,NA,3,1,0,1,0,0,2,1,2,2,0,0,2,1,0,NA,NA,31316,1334,50.93,50.93,65.48,65.48,50,50,51.92,51.92,37.5,37.5,301,18
"Poland","POL","","","NAT_TOTAL",2020-06-20,2,1,2,1,1,1,2,1,1,1,0,NA,0,NA,3,1,0,1,0,0,2,1,2,2,0,0,2,1,0,NA,NA,31620,1346,50.93,50.93,65.48,65.48,50,50,51.92,51.92,37.5,37.5,304,12
"Poland","POL","","","NAT_TOTAL",2020-06-21,2,1,2,1,1,1,2,1,1,1,0,NA,0,NA,3,1,0,1,0,0,2,1,2,2,0,0,2,1,0,NA,NA,31931,1356,50.93,50.93,65.48,65.48,50,50,51.92,51.92,37.5,37.5,311,10
"Poland","POL","","","NAT_TOTAL",2020-06-22,2,1,2,1,1,1,2,1,1,1,0,NA,0,NA,3,1,0,1,0,0,2,1,2,2,0,507361020,2,1,0,NA,NA,32227,1359,50.93,50.93,65.48,65.48,50,50,51.92,51.92,37.5,37.5,296,3
"Poland","POL","","","NAT_TOTAL",2020-06-23,2,1,2,1,1,1,2,1,1,1,0,NA,0,NA,3,1,0,1,0,0,2,1,2,2,0,0,2,1,0,NA,NA,32527,1375,50.93,50.93,65.48,65.48,50,50,51.92,51.92,37.5,37.5,300,16
"Poland","POL","","","NAT_TOTAL",2020-06-24,2,1,2,1,1,1,2,1,1,1,0,NA,0,NA,3,1,0,1,0,0,2,1,2,2,0,0,2,1,0,NA,NA,32821,1396,50.93,50.93,65.48,65.48,50,50,51.92,51.92,37.5,37.5,294,21
"Poland","POL","","","NAT_TOTAL",2020-06-25,2,1,2,1,1,1,2,1,1,1,0,NA,0,NA,3,1,0,1,0,0,2,1,2,2,0,0,2,1,0,NA,NA,33119,1412,50.93,50.93,65.48,65.48,50,50,51.92,51.92,37.5,37.5,298,16
"Poland","POL","","","NAT_TOTAL",2020-06-26,2,1,2,1,1,1,2,1,1,1,0,NA,0,NA,3,1,0,1,0,0,2,1,2,2,0,0,2,1,0,NA,NA,33395,1429,50.93,50.93,65.48,65.48,50,50,51.92,51.92,37.5,37.5,276,17
"Poland","POL","","","NAT_TOTAL",2020-06-27,2,1,2,1,1,1,2,1,1,1,0,NA,0,NA,3,1,0,1,0,0,2,1,2,2,0,0,2,1,0,NA,NA,33714,1435,50.93,50.93,65.48,65.48,50,50,51.92,51.92,37.5,37.5,319,6
"Poland","POL","","","NAT_TOTAL",2020-06-28,2,1,2,1,1,1,2,1,1,1,0,NA,0,NA,3,1,0,1,0,0,2,1,2,2,0,0,2,1,0,NA,NA,33907,1438,50.93,50.93,65.48,65.48,50,50,51.92,51.92,37.5,37.5,193,3
"Poland","POL","","","NAT_TOTAL",2020-06-29,2,1,2,1,1,1,2,1,1,1,0,NA,0,NA,3,1,0,1,0,0,2,1,2,2,0,0,2,1,0,NA,NA,34154,1444,50.93,50.93,65.48,65.48,50,50,51.92,51.92,37.5,37.5,247,6
"Poland","POL","","","NAT_TOTAL",2020-06-30,2,1,2,1,1,1,2,1,1,1,0,NA,0,NA,3,1,0,1,0,0,2,1,2,2,0,0,2,1,0,NA,NA,34393,1463,50.93,50.93,65.48,65.48,50,50,51.92,51.92,37.5,37.5,239,19
"Poland","POL","","","NAT_TOTAL",2020-07-01,2,1,2,1,1,1,2,1,1,1,0,NA,0,NA,3,1,0,1,0,0,2,1,2,2,0,0,2,1,0,NA,NA,34775,1477,50.93,50.93,65.48,65.48,50,50,51.92,51.92,37.5,37.5,382,14
"Poland","POL","","","NAT_TOTAL",2020-07-02,2,1,2,1,1,1,2,1,1,1,0,NA,0,NA,3,1,0,1,0,0,2,1,2,2,0,0,2,1,0,NA,NA,35146,1492,50.93,50.93,65.48,65.48,50,50,51.92,51.92,37.5,37.5,371,15
"Poland","POL","","","NAT_TOTAL",2020-07-03,2,1,2,1,1,1,2,1,1,1,0,NA,0,NA,3,1,0,1,0,0,2,1,2,2,0,0,2,1,0,NA,NA,35405,1507,50.93,50.93,65.48,65.48,50,50,51.92,51.92,37.5,37.5,259,15
"Poland","POL","","","NAT_TOTAL",2020-07-04,2,1,2,1,1,1,2,1,1,1,0,NA,0,NA,3,1,0,1,0,0,2,1,2,2,0,0,2,1,0,NA,NA,35719,1512,50.93,50.93,65.48,65.48,50,50,51.92,51.92,37.5,37.5,314,5
"Poland","POL","","","NAT_TOTAL",2020-07-05,2,1,2,1,1,1,2,1,1,1,0,NA,0,NA,3,1,0,1,0,0,2,1,2,2,0,0,2,1,0,NA,NA,35950,1517,50.93,50.93,65.48,65.48,50,50,51.92,51.92,37.5,37.5,231,5
"Poland","POL","","","NAT_TOTAL",2020-07-06,2,1,2,1,1,1,2,1,1,1,0,NA,0,NA,3,1,0,1,0,0,2,1,2,2,0,0,2,1,0,NA,NA,36155,1521,50.93,50.93,65.48,65.48,50,50,51.92,51.92,37.5,37.5,205,4
"Poland","POL","","","NAT_TOTAL",2020-07-07,2,1,2,1,1,1,2,1,1,1,0,NA,0,NA,3,1,0,1,0,0,2,1,2,2,0,0,2,1,0,NA,NA,36412,1528,50.93,50.93,65.48,65.48,50,50,51.92,51.92,37.5,37.5,257,7
"Poland","POL","","","NAT_TOTAL",2020-07-08,2,1,2,1,1,1,2,1,1,1,0,NA,0,NA,3,1,0,1,0,0,2,1,2,2,0,0,2,1,0,NA,NA,36689,1542,50.93,50.93,65.48,65.48,50,50,51.92,51.92,37.5,37.5,277,14
"Poland","POL","","","NAT_TOTAL",2020-07-09,2,1,2,1,0,NA,2,1,0,NA,0,NA,0,NA,3,1,0,1,33393533,0,2,1,2,2,0,0,2,1,0,NA,NA,36951,1551,39.81,39.81,55,55,43.33,43.33,44.23,44.23,37.5,37.5,262,9
"Poland","POL","","","NAT_TOTAL",2020-07-10,2,1,2,1,0,NA,2,1,0,NA,0,NA,0,NA,3,1,0,1,0,0,2,1,2,2,0,0,2,1,0,NA,NA,37216,1562,39.81,39.81,55,55,43.33,43.33,44.23,44.23,37.5,37.5,265,11
"Poland","POL","","","NAT_TOTAL",2020-07-11,2,1,2,1,0,NA,2,1,0,NA,0,NA,0,NA,3,1,0,1,0,0,2,1,2,2,0,0,2,1,0,NA,NA,37521,1568,39.81,39.81,55,55,43.33,43.33,44.23,44.23,37.5,37.5,305,6
"Poland","POL","","","NAT_TOTAL",2020-07-12,2,1,2,1,0,NA,2,1,0,NA,0,NA,0,NA,3,1,0,1,0,0,2,1,2,2,0,0,2,1,0,NA,NA,37891,1571,39.81,39.81,55,55,43.33,43.33,44.23,44.23,37.5,37.5,370,3
"Poland","POL","","","NAT_TOTAL",2020-07-13,2,1,2,1,0,NA,2,1,0,NA,0,NA,0,NA,3,1,0,1,0,0,2,1,2,2,0,0,2,1,0,NA,NA,38190,1576,39.81,39.81,55,55,43.33,43.33,44.23,44.23,37.5,37.5,299,5
"Poland","POL","","","NAT_TOTAL",2020-07-14,2,1,2,1,0,NA,2,1,0,NA,0,NA,0,NA,3,1,0,1,0,0,2,1,2,2,0,0,2,1,0,NA,NA,38457,1588,39.81,39.81,55,55,43.33,43.33,44.23,44.23,37.5,37.5,267,12
"Poland","POL","","","NAT_TOTAL",2020-07-15,2,1,2,1,0,NA,2,1,0,NA,0,NA,0,NA,3,1,0,1,0,0,2,1,2,2,0,0,2,1,0,NA,NA,38721,1594,39.81,39.81,55,55,43.33,43.33,44.23,44.23,37.5,37.5,264,6
"Poland","POL","","","NAT_TOTAL",2020-07-16,2,1,2,1,0,NA,2,1,0,NA,0,NA,0,NA,3,1,0,1,0,0,2,1,2,2,0,0,2,1,0,NA,NA,39054,1605,39.81,39.81,55,55,43.33,43.33,44.23,44.23,37.5,37.5,333,11
"Poland","POL","","","NAT_TOTAL",2020-07-17,2,1,2,1,0,NA,2,1,0,NA,0,NA,0,NA,3,1,0,1,0,0,2,1,2,2,0,0,2,1,0,NA,NA,39407,1612,39.81,39.81,55,55,43.33,43.33,44.23,44.23,37.5,37.5,353,7
"Poland","POL","","","NAT_TOTAL",2020-07-18,2,1,2,1,0,NA,2,1,0,NA,0,NA,0,NA,3,1,0,1,0,0,2,1,2,2,0,0,2,1,0,NA,NA,39746,1618,39.81,39.81,55,55,43.33,43.33,44.23,44.23,37.5,37.5,339,6
"Poland","POL","","","NAT_TOTAL",2020-07-19,2,1,2,1,0,NA,2,1,0,NA,0,NA,0,NA,3,1,0,1,0,0,2,1,2,2,0,0,2,1,0,NA,NA,40104,1624,39.81,39.81,55,55,43.33,43.33,44.23,44.23,37.5,37.5,358,6
"Poland","POL","","","NAT_TOTAL",2020-07-20,2,1,2,1,0,NA,2,1,0,NA,0,NA,0,NA,3,1,0,1,0,0,2,1,2,2,0,0,2,1,0,NA,NA,40383,1627,39.81,39.81,55,55,43.33,43.33,44.23,44.23,37.5,37.5,279,3
"Poland","POL","","","NAT_TOTAL",2020-07-21,2,1,2,1,0,NA,2,1,0,NA,0,NA,0,NA,3,1,0,1,0,0,2,1,2,2,0,0,2,1,0,NA,NA,40782,1636,39.81,39.81,55,55,43.33,43.33,44.23,44.23,37.5,37.5,399,9
"Poland","POL","","","NAT_TOTAL",2020-07-22,2,1,2,1,0,NA,2,1,0,NA,0,NA,0,NA,3,1,0,1,0,0,2,1,2,2,0,0,2,1,0,NA,NA,41162,1642,39.81,39.81,55,55,43.33,43.33,44.23,44.23,37.5,37.5,380,6
"Poland","POL","","","NAT_TOTAL",2020-07-23,2,1,2,1,0,NA,2,1,0,NA,0,NA,0,NA,3,1,0,1,0,0,2,1,2,2,0,0,2,1,0,NA,NA,41580,1651,39.81,39.81,55,55,43.33,43.33,44.23,44.23,37.5,37.5,418,9
"Poland","POL","","","NAT_TOTAL",2020-07-24,2,1,2,1,0,NA,2,1,0,NA,0,NA,0,NA,3,1,0,1,0,0,2,1,2,2,0,0,2,1,0,NA,NA,42038,1655,39.81,39.81,55,55,43.33,43.33,44.23,44.23,37.5,37.5,458,4
"Poland","POL","","","NAT_TOTAL",2020-07-25,2,1,2,1,0,NA,2,1,0,NA,0,NA,0,NA,3,1,0,1,0,0,2,1,2,2,0,0,2,1,0,NA,NA,42622,1664,39.81,39.81,55,55,43.33,43.33,44.23,44.23,37.5,37.5,584,9
"Poland","POL","","","NAT_TOTAL",2020-07-26,2,1,2,1,0,NA,2,1,0,NA,0,NA,0,NA,3,1,0,1,0,0,2,1,2,2,0,0,2,1,0,NA,NA,43065,1671,39.81,39.81,55,55,43.33,43.33,44.23,44.23,37.5,37.5,443,7
"Poland","POL","","","NAT_TOTAL",2020-07-27,2,1,2,1,0,NA,2,1,0,NA,0,NA,0,NA,3,1,0,1,0,0,2,1,2,2,0,0,2,1,0,NA,NA,43402,1676,39.81,39.81,55,55,43.33,43.33,44.23,44.23,37.5,37.5,337,5
"Poland","POL","","","NAT_TOTAL",2020-07-28,2,1,2,1,0,NA,2,1,0,NA,0,NA,0,NA,3,1,0,1,0,0,2,1,2,2,0,0,2,1,0,NA,NA,43904,1682,39.81,39.81,55,55,43.33,43.33,44.23,44.23,37.5,37.5,502,6
"Poland","POL","","","NAT_TOTAL",2020-07-29,2,1,2,1,0,NA,2,1,0,NA,0,NA,0,NA,3,1,0,1,0,0,2,1,2,2,0,0,2,1,0,NA,NA,44416,1694,39.81,39.81,55,55,43.33,43.33,44.23,44.23,37.5,37.5,512,12
"Poland","POL","","","NAT_TOTAL",2020-07-30,2,1,2,1,0,NA,2,1,0,NA,0,NA,0,NA,3,1,0,1,0,0,2,1,2,2,0,0,2,1,0,NA,NA,45031,1709,39.81,39.81,55,55,43.33,43.33,44.23,44.23,37.5,37.5,615,15
"Poland","POL","","","NAT_TOTAL",2020-07-31,2,1,2,1,0,NA,2,1,0,NA,0,NA,0,NA,3,1,0,1,0,0,2,1,2,2,0,0,2,1,0,NA,NA,45688,1716,39.81,39.81,55,55,43.33,43.33,44.23,44.23,37.5,37.5,657,7
"Poland","POL","","","NAT_TOTAL",2020-08-01,2,1,2,1,0,NA,2,1,0,NA,0,NA,0,NA,3,1,0,1,0,0,2,1,2,2,0,0,2,1,0,NA,NA,46346,1721,39.81,39.81,55,55,43.33,43.33,44.23,44.23,37.5,37.5,658,5
"Poland","POL","","","NAT_TOTAL",2020-08-02,2,1,2,1,0,NA,2,1,0,NA,0,NA,0,NA,3,1,0,1,0,0,2,1,2,2,0,0,2,1,0,NA,NA,46894,1731,39.81,39.81,55,55,43.33,43.33,44.23,44.23,37.5,37.5,548,10
"Poland","POL","","","NAT_TOTAL",2020-08-03,2,1,2,1,0,NA,2,1,0,NA,0,NA,0,NA,3,1,0,1,0,0,2,1,2,2,0,0,2,1,0,NA,NA,47469,1732,39.81,39.81,55,55,43.33,43.33,44.23,44.23,37.5,37.5,575,1
"Poland","POL","","","NAT_TOTAL",2020-08-04,2,1,2,1,0,NA,2,1,0,NA,0,NA,0,NA,3,1,0,1,0,0,2,1,2,2,0,0,2,1,0,NA,NA,48149,1738,39.81,39.81,55,55,43.33,43.33,44.23,44.23,37.5,37.5,680,6
"Poland","POL","","","NAT_TOTAL",2020-08-05,2,1,2,1,0,NA,2,1,0,NA,0,NA,0,NA,3,1,0,1,0,0,2,1,2,2,0,0,2,1,0,NA,NA,48789,1756,39.81,39.81,55,55,43.33,43.33,44.23,44.23,37.5,37.5,640,18
"Poland","POL","","","NAT_TOTAL",2020-08-06,2,1,2,1,0,NA,2,1,0,NA,0,NA,0,NA,3,1,0,1,0,0,2,1,2,2,0,0,3,0,0,NA,NA,49515,1774,39.81,39.81,55,55,44.17,44.17,45.19,45.19,37.5,37.5,726,18
"Poland","POL","","","NAT_TOTAL",2020-08-07,2,1,2,1,0,NA,2,1,0,NA,0,NA,0,NA,3,1,0,1,0,0,2,1,2,2,0,0,3,0,0,NA,NA,50324,1787,39.81,39.81,55,55,44.17,44.17,45.19,45.19,37.5,37.5,809,13
"Poland","POL","","","NAT_TOTAL",2020-08-08,2,1,2,1,0,NA,2,1,0,NA,0,NA,0,NA,3,1,0,1,0,0,2,1,2,2,0,0,3,0,0,NA,NA,51167,1800,39.81,39.81,55,55,44.17,44.17,45.19,45.19,37.5,37.5,843,13
"Poland","POL","","","NAT_TOTAL",2020-08-09,2,1,2,1,0,NA,2,1,0,NA,0,NA,0,NA,3,1,0,1,0,0,2,1,2,2,0,0,3,0,0,NA,NA,51791,1807,39.81,39.81,55,55,44.17,44.17,45.19,45.19,37.5,37.5,624,7
"Poland","POL","","","NAT_TOTAL",2020-08-10,2,1,2,1,0,NA,2,1,0,NA,0,NA,0,NA,3,1,0,1,0,0,2,1,2,2,0,0,3,0,0,NA,NA,52410,1809,39.81,39.81,55,55,44.17,44.17,45.19,45.19,37.5,37.5,619,2
"Poland","POL","","","NAT_TOTAL",2020-08-11,2,1,2,1,0,NA,2,1,0,NA,0,NA,0,NA,3,1,0,1,0,0,2,1,2,2,0,0,3,0,0,NA,NA,52961,1821,39.81,39.81,55,55,44.17,44.17,45.19,45.19,37.5,37.5,551,12
"Poland","POL","","","NAT_TOTAL",2020-08-12,2,1,2,1,0,NA,2,1,0,NA,0,NA,0,NA,3,1,0,1,0,0,2,1,2,2,0,0,3,0,0,NA,NA,53676,1830,39.81,39.81,55,55,44.17,44.17,45.19,45.19,37.5,37.5,715,9
"Poland","POL","","","NAT_TOTAL",2020-08-13,2,1,2,1,0,NA,2,1,0,NA,0,NA,0,NA,3,1,0,1,0,0,2,1,2,2,0,0,3,0,0,NA,NA,54487,1844,39.81,39.81,55,55,44.17,44.17,45.19,45.19,37.5,37.5,811,14
"Poland","POL","","","NAT_TOTAL",2020-08-14,2,1,2,1,0,NA,2,1,0,NA,0,NA,0,NA,3,1,0,1,0,0,2,1,2,2,0,0,3,0,0,NA,NA,55319,1858,39.81,39.81,55,55,44.17,44.17,45.19,45.19,37.5,37.5,832,14
"Poland","POL","","","NAT_TOTAL",2020-08-15,2,1,2,1,0,NA,2,1,0,NA,0,NA,0,NA,3,1,0,1,0,0,2,1,2,2,0,0,3,0,0,NA,NA,56090,1869,39.81,39.81,55,55,44.17,44.17,45.19,45.19,37.5,37.5,771,11
"Poland","POL","","","NAT_TOTAL",2020-08-16,2,1,2,1,0,NA,2,1,0,NA,0,NA,0,NA,3,1,0,1,0,0,2,1,2,2,0,0,3,0,0,NA,NA,56684,1877,39.81,39.81,55,55,44.17,44.17,45.19,45.19,37.5,37.5,594,8
"Poland","POL","","","NAT_TOTAL",2020-08-17,2,1,2,1,0,NA,2,1,0,NA,0,NA,0,NA,3,1,0,1,0,0,2,1,2,2,0,0,3,0,0,NA,NA,57279,1885,39.81,39.81,55,55,44.17,44.17,45.19,45.19,37.5,37.5,595,8
"Poland","POL","","","NAT_TOTAL",2020-08-18,2,1,2,1,0,NA,2,1,0,NA,0,NA,0,NA,3,1,0,1,0,0,2,1,2,2,0,0,3,0,0,NA,NA,57876,1896,39.81,39.81,55,55,44.17,44.17,45.19,45.19,37.5,37.5,597,11
"Poland","POL","","","NAT_TOTAL",2020-08-19,2,1,2,1,0,NA,2,1,0,NA,0,NA,0,NA,3,1,0,1,0,0,2,1,2,2,0,0,3,0,0,NA,NA,58611,1913,39.81,39.81,55,55,44.17,44.17,45.19,45.19,37.5,37.5,735,17
"Poland","POL","","","NAT_TOTAL",2020-08-20,2,1,2,1,0,NA,2,1,0,NA,0,NA,0,NA,3,1,0,1,0,0,2,1,2,2,0,0,3,0,0,NA,NA,59378,1925,39.81,39.81,55,55,44.17,44.17,45.19,45.19,37.5,37.5,767,12
"Poland","POL","","","NAT_TOTAL",2020-08-21,2,1,2,1,0,NA,2,1,0,NA,0,NA,0,NA,3,1,0,1,0,0,2,1,2,2,0,0,3,0,0,NA,NA,60281,1938,39.81,39.81,55,55,44.17,44.17,45.19,45.19,37.5,37.5,903,13
"Poland","POL","","","NAT_TOTAL",2020-08-22,2,1,2,1,0,NA,2,1,0,NA,0,NA,0,NA,3,1,0,1,0,0,2,1,2,2,0,0,3,0,0,NA,NA,61181,1951,39.81,39.81,55,55,44.17,44.17,45.19,45.19,37.5,37.5,900,13
"Poland","POL","","","NAT_TOTAL",2020-08-23,2,1,2,1,0,NA,2,1,0,NA,0,NA,0,NA,3,1,0,1,0,0,2,1,2,2,0,0,3,0,0,NA,NA,61762,1955,39.81,39.81,55,55,44.17,44.17,45.19,45.19,37.5,37.5,581,4
"Poland","POL","","","NAT_TOTAL",2020-08-24,2,1,2,1,0,NA,2,1,0,NA,0,NA,0,NA,3,1,0,1,0,0,2,1,2,2,0,0,3,0,0,NA,NA,62310,1960,39.81,39.81,55,55,44.17,44.17,45.19,45.19,37.5,37.5,548,5
"Poland","POL","","","NAT_TOTAL",2020-08-25,2,1,2,1,0,NA,2,1,0,NA,0,NA,0,NA,3,1,0,1,0,0,2,1,2,2,0,0,3,0,0,NA,NA,63073,1977,39.81,39.81,55,55,44.17,44.17,45.19,45.19,37.5,37.5,763,17
"Poland","POL","","","NAT_TOTAL",2020-08-26,2,1,2,1,0,NA,2,1,0,NA,0,NA,0,NA,3,1,0,1,0,0,2,1,2,2,0,0,3,0,0,NA,NA,63802,1994,39.81,39.81,55,55,44.17,44.17,45.19,45.19,37.5,37.5,729,17
"Poland","POL","","","NAT_TOTAL",2020-08-27,2,1,2,1,0,NA,2,1,0,NA,0,NA,0,NA,3,1,0,1,0,0,2,1,2,2,0,0,3,0,0,NA,NA,64689,2010,39.81,39.81,55,55,44.17,44.17,45.19,45.19,37.5,37.5,887,16
"Poland","POL","","","NAT_TOTAL",2020-08-28,2,1,2,1,0,NA,2,1,0,NA,0,NA,0,NA,3,1,0,1,0,0,2,1,2,2,0,0,3,0,0,NA,NA,65480,2018,39.81,39.81,55,55,44.17,44.17,45.19,45.19,37.5,37.5,791,8
"Poland","POL","","","NAT_TOTAL",2020-08-29,2,1,2,1,0,NA,2,1,0,NA,0,NA,0,NA,3,1,0,1,0,0,2,1,2,2,0,0,3,0,0,NA,NA,66239,2032,39.81,39.81,55,55,44.17,44.17,45.19,45.19,37.5,37.5,759,14
"Poland","POL","","","NAT_TOTAL",2020-08-30,2,1,2,1,0,NA,2,1,0,NA,0,NA,0,NA,3,1,0,1,0,0,2,1,2,2,0,0,3,0,0,NA,NA,66870,2033,39.81,39.81,55,55,44.17,44.17,45.19,45.19,37.5,37.5,631,1
"Poland","POL","","","NAT_TOTAL",2020-08-31,2,1,2,1,0,NA,2,1,0,NA,0,NA,0,NA,3,1,0,1,0,0,2,1,2,2,0,0,3,0,0,NA,NA,67372,2039,39.81,39.81,55,55,44.17,44.17,45.19,45.19,37.5,37.5,502,6
"Poland","POL","","","NAT_TOTAL",2020-09-01,1,1,2,1,0,NA,2,1,0,NA,0,NA,0,NA,3,1,0,1,0,0,2,1,2,2,0,0,3,0,0,NA,NA,67922,2058,36.11,36.11,51.43,51.43,41.94,41.94,42.63,42.63,37.5,37.5,550,19
"Poland","POL","","","NAT_TOTAL",2020-09-02,1,1,2,1,0,NA,2,1,0,NA,0,NA,0,NA,3,1,0,1,0,0,2,1,2,2,0,0,3,0,0,NA,NA,68517,2078,36.11,36.11,51.43,51.43,41.94,41.94,42.63,42.63,37.5,37.5,595,20
"Poland","POL","","","NAT_TOTAL",2020-09-03,1,1,2,1,0,NA,2,1,0,NA,0,NA,0,NA,3,1,0,1,0,0,2,1,2,2,0,0,3,0,0,NA,NA,69129,2092,36.11,36.11,51.43,51.43,41.94,41.94,42.63,42.63,37.5,37.5,612,14
"Poland","POL","","","NAT_TOTAL",2020-09-04,1,1,2,1,0,NA,2,1,0,NA,0,NA,0,NA,3,1,0,1,0,0,2,1,2,2,0,0,3,0,0,NA,NA,69820,2100,36.11,36.11,51.43,51.43,41.94,41.94,42.63,42.63,37.5,37.5,691,8
"Poland","POL","","","NAT_TOTAL",2020-09-05,1,1,2,1,0,NA,2,1,0,NA,0,NA,0,NA,3,1,0,1,0,0,2,1,2,2,0,0,3,0,0,NA,NA,70387,2113,36.11,36.11,51.43,51.43,41.94,41.94,42.63,42.63,37.5,37.5,567,13
"Poland","POL","","","NAT_TOTAL",2020-09-06,1,1,2,1,0,NA,2,1,0,NA,0,NA,0,NA,3,1,0,1,0,0,2,1,2,2,0,0,3,0,0,NA,NA,70824,2120,36.11,36.11,51.43,51.43,41.94,41.94,42.63,42.63,37.5,37.5,437,7
"Poland","POL","","","NAT_TOTAL",2020-09-07,1,1,2,1,0,NA,2,1,0,NA,0,NA,0,NA,3,1,0,1,0,0,2,1,2,2,0,0,3,0,0,NA,NA,71126,2124,36.11,36.11,51.43,51.43,41.94,41.94,42.63,42.63,37.5,37.5,302,4
"Poland","POL","","","NAT_TOTAL",2020-09-08,1,1,2,1,0,NA,2,1,0,NA,0,NA,0,NA,3,1,0,1,0,0,2,1,2,2,0,0,3,0,0,NA,NA,71526,2136,36.11,36.11,51.43,51.43,41.94,41.94,42.63,42.63,37.5,37.5,400,12
"Poland","POL","","","NAT_TOTAL",2020-09-09,1,1,2,1,0,NA,2,1,0,NA,0,NA,0,NA,3,1,0,1,0,0,2,1,2,2,0,0,3,0,0,NA,NA,71947,2147,36.11,36.11,51.43,51.43,41.94,41.94,42.63,42.63,37.5,37.5,421,11
"Poland","POL","","","NAT_TOTAL",2020-09-10,1,1,2,1,0,NA,2,1,0,NA,0,NA,0,NA,3,1,0,1,0,0,2,1,2,2,0,0,3,0,0,NA,NA,72453,2159,36.11,36.11,51.43,51.43,41.94,41.94,42.63,42.63,37.5,37.5,506,12
"Poland","POL","","","NAT_TOTAL",2020-09-11,1,1,2,1,0,NA,2,1,0,NA,0,NA,0,NA,3,1,0,1,0,0,2,1,2,2,0,0,3,0,0,NA,NA,73047,2169,36.11,36.11,51.43,51.43,41.94,41.94,42.63,42.63,37.5,37.5,594,10
"Poland","POL","","","NAT_TOTAL",2020-09-12,1,1,2,1,0,NA,2,1,0,NA,0,NA,0,NA,3,1,0,1,0,0,2,1,2,2,0,0,3,0,0,NA,NA,73650,2182,36.11,36.11,51.43,51.43,41.94,41.94,42.63,42.63,37.5,37.5,603,13
"Poland","POL","","","NAT_TOTAL",2020-09-13,1,1,2,1,0,NA,2,1,0,NA,0,NA,0,NA,3,1,0,1,0,0,2,1,2,2,0,0,3,0,0,NA,NA,74152,2188,36.11,36.11,51.43,51.43,41.94,41.94,42.63,42.63,37.5,37.5,502,6
"Poland","POL","","","NAT_TOTAL",2020-09-14,1,1,2,1,0,NA,2,1,0,NA,0,NA,0,NA,3,1,0,1,0,0,2,1,2,2,0,0,3,0,0,NA,NA,74529,2203,36.11,36.11,51.43,51.43,41.94,41.94,42.63,42.63,37.5,37.5,377,15
"Poland","POL","","","NAT_TOTAL",2020-09-15,1,1,2,1,0,NA,2,1,0,NA,0,NA,0,NA,3,1,0,1,0,0,2,1,2,2,0,0,3,0,0,NA,NA,75134,2227,36.11,36.11,51.43,51.43,41.94,41.94,42.63,42.63,37.5,37.5,605,24
"Poland","POL","","","NAT_TOTAL",2020-09-16,1,1,2,1,0,NA,2,1,0,NA,0,NA,0,NA,3,1,0,1,0,0,2,1,2,2,0,0,3,0,0,NA,NA,75734,2237,36.11,36.11,51.43,51.43,41.94,41.94,42.63,42.63,37.5,37.5,600,10
"Poland","POL","","","NAT_TOTAL",2020-09-17,1,1,2,1,0,NA,2,1,0,NA,0,NA,0,NA,3,1,0,1,0,0,2,1,2,2,0,0,3,0,0,NA,NA,76571,2253,36.11,36.11,51.43,51.43,41.94,41.94,42.63,42.63,37.5,37.5,837,16
"Poland","POL","","","NAT_TOTAL",2020-09-18,1,1,0,NA,0,NA,0,NA,0,NA,0,NA,0,NA,3,2,1,1,0,0,2,1,2,2,0,0,3,0,0,NA,NA,77328,2270,23.15,23.15,32.14,32.14,39.17,39.17,33.65,33.65,75,75,757,17
"Poland","POL","","","NAT_TOTAL",2020-09-19,1,1,0,NA,0,NA,0,NA,0,NA,0,NA,0,NA,3,2,1,1,0,0,2,1,2,2,0,0,3,0,0,NA,NA,78330,2282,23.15,23.15,32.14,32.14,39.17,39.17,33.65,33.65,75,75,1002,12
"Poland","POL","","","NAT_TOTAL",2020-09-20,1,1,0,NA,0,NA,0,NA,0,NA,0,NA,0,NA,3,2,1,1,0,0,2,1,2,2,0,0,3,0,0,NA,NA,79240,2293,23.15,23.15,32.14,32.14,39.17,39.17,33.65,33.65,75,75,910,11
"Poland","POL","","","NAT_TOTAL",2020-09-21,1,1,0,NA,0,NA,0,NA,0,NA,0,NA,0,NA,3,2,1,1,0,0,2,1,2,2,0,0,3,0,0,NA,NA,79988,2298,23.15,23.15,32.14,32.14,39.17,39.17,33.65,33.65,75,75,748,5
"Poland","POL","","","NAT_TOTAL",2020-09-22,1,1,0,NA,0,NA,0,NA,0,NA,0,NA,0,NA,3,2,1,1,0,0,2,1,2,2,0,0,3,0,0,NA,NA,80699,2316,23.15,23.15,32.14,32.14,39.17,39.17,33.65,33.65,75,75,711,18
"Poland","POL","","","NAT_TOTAL",2020-09-23,1,1,0,NA,0,NA,0,NA,0,NA,0,NA,0,NA,3,2,1,1,0,0,2,1,2,2,0,0,3,0,0,NA,NA,81673,2344,23.15,23.15,32.14,32.14,39.17,39.17,33.65,33.65,75,75,974,28
"Poland","POL","","","NAT_TOTAL",2020-09-24,1,1,0,NA,0,NA,0,NA,0,NA,0,NA,0,NA,3,2,1,1,0,0,2,1,2,2,0,0,3,0,0,NA,NA,82809,2369,23.15,23.15,32.14,32.14,39.17,39.17,33.65,33.65,75,75,1136,25
"Poland","POL","","","NAT_TOTAL",2020-09-25,1,1,0,NA,0,NA,0,NA,0,NA,0,NA,0,NA,3,2,1,1,0,0,2,1,2,2,0,0,3,0,0,NA,NA,84396,2392,23.15,23.15,32.14,32.14,39.17,39.17,33.65,33.65,75,75,1587,23
"Poland","POL","","","NAT_TOTAL",2020-09-26,1,1,0,NA,0,NA,0,NA,0,NA,0,NA,0,NA,3,2,1,1,0,0,2,1,2,2,0,0,3,0,0,NA,NA,85980,2424,23.15,23.15,32.14,32.14,39.17,39.17,33.65,33.65,75,75,1584,32
"Poland","POL","","","NAT_TOTAL",2020-09-27,1,1,0,NA,0,NA,0,NA,0,NA,0,NA,0,NA,3,2,1,1,0,0,2,1,2,2,0,0,3,0,0,NA,NA,87330,2432,23.15,23.15,32.14,32.14,39.17,39.17,33.65,33.65,75,75,1350,8
"Poland","POL","","","NAT_TOTAL",2020-09-28,1,1,0,NA,0,NA,0,NA,0,NA,0,NA,0,NA,3,2,1,1,0,0,2,1,2,2,0,0,3,0,0,NA,NA,88636,2447,23.15,23.15,32.14,32.14,39.17,39.17,33.65,33.65,75,75,1306,15
"Poland","POL","","","NAT_TOTAL",2020-09-29,1,1,0,NA,0,NA,0,NA,0,NA,0,NA,0,NA,3,2,1,1,0,0,2,1,2,2,0,0,3,0,0,NA,NA,89962,2483,23.15,23.15,32.14,32.14,39.17,39.17,33.65,33.65,75,75,1326,36
"Poland","POL","","","NAT_TOTAL",2020-09-30,1,1,0,NA,0,NA,0,NA,0,NA,0,NA,0,NA,3,2,1,1,0,0,2,1,2,2,0,0,3,0,0,NA,NA,91514,2513,23.15,23.15,32.14,32.14,39.17,39.17,33.65,33.65,75,75,1552,30
"Poland","POL","","","NAT_TOTAL",2020-10-01,1,1,0,NA,0,NA,0,NA,0,NA,0,NA,0,NA,3,2,1,1,0,0,2,1,2,2,0,0,3,0,0,NA,NA,93481,2543,23.15,23.15,32.14,32.14,39.17,39.17,33.65,33.65,75,75,1967,30
"Poland","POL","","","NAT_TOTAL",2020-10-02,1,1,0,NA,0,NA,0,NA,0,NA,0,NA,0,NA,3,2,1,1,0,0,2,1,2,2,0,0,3,0,0,NA,NA,95773,2570,23.15,23.15,32.14,32.14,39.17,39.17,33.65,33.65,75,75,2292,27
"Poland","POL","","","NAT_TOTAL",2020-10-03,1,1,0,NA,0,NA,0,NA,0,NA,0,NA,0,NA,3,2,1,1,0,0,2,1,2,2,0,0,3,0,0,NA,NA,98140,2604,23.15,23.15,32.14,32.14,39.17,39.17,33.65,33.65,75,75,2367,34
"Poland","POL","","","NAT_TOTAL",2020-10-04,1,1,0,NA,0,NA,0,NA,0,NA,0,NA,0,NA,3,2,1,1,0,0,2,1,2,2,0,0,3,0,0,NA,NA,100074,2630,23.15,23.15,32.14,32.14,39.17,39.17,33.65,33.65,75,75,1934,26
"Poland","POL","","","NAT_TOTAL",2020-10-05,1,1,0,NA,0,NA,0,NA,0,NA,0,NA,0,NA,3,2,1,1,0,0,2,1,2,2,0,0,3,0,0,NA,NA,102080,2659,23.15,23.15,32.14,32.14,39.17,39.17,33.65,33.65,75,75,2006,29
"Poland","POL","","","NAT_TOTAL",2020-10-06,1,1,0,NA,0,NA,0,NA,0,NA,0,NA,0,NA,3,2,1,1,0,0,2,1,2,2,0,0,3,0,0,NA,NA,104316,2717,23.15,23.15,32.14,32.14,39.17,39.17,33.65,33.65,75,75,2236,58
"Poland","POL","","","NAT_TOTAL",2020-10-07,1,1,0,NA,0,NA,0,NA,0,NA,0,NA,0,NA,3,2,1,1,0,0,2,1,2,2,0,0,3,0,0,NA,NA,107319,2792,23.15,23.15,32.14,32.14,39.17,39.17,33.65,33.65,75,75,3003,75
"Poland","POL","","","NAT_TOTAL",2020-10-08,1,1,0,NA,0,NA,0,NA,0,NA,0,NA,0,NA,3,2,1,1,0,0,2,1,2,2,0,0,3,0,0,NA,NA,111599,2867,23.15,23.15,32.14,32.14,39.17,39.17,33.65,33.65,75,75,4280,75
"Poland","POL","","","NAT_TOTAL",2020-10-09,1,1,0,NA,0,NA,0,NA,0,NA,0,NA,0,NA,3,2,1,1,0,0,2,1,2,2,0,0,2,1,0,NA,NA,116338,2919,23.15,23.15,32.14,32.14,38.33,38.33,32.69,32.69,75,75,4739,52
"Poland","POL","","","NAT_TOTAL",2020-10-10,1,1,0,NA,2,0,2,1,0,NA,0,NA,0,NA,3,2,1,1,0,0,2,1,2,2,0,0,3,1,0,NA,NA,121638,2972,37.04,37.04,41.67,41.67,48.33,48.33,44.23,44.23,75,75,5300,53
"Poland","POL","","","NAT_TOTAL",2020-10-11,1,1,0,NA,2,0,2,1,0,NA,0,NA,0,NA,3,2,1,1,0,0,2,1,2,2,0,0,3,1,0,NA,NA,125816,3004,37.04,37.04,41.67,41.67,48.33,48.33,44.23,44.23,75,75,4178,32
"Poland","POL","","","NAT_TOTAL",2020-10-12,1,1,0,NA,2,0,2,1,0,NA,0,NA,0,NA,3,2,1,1,0,0,2,1,2,2,0,0,3,1,0,NA,NA,130210,3039,37.04,37.04,41.67,41.67,48.33,48.33,44.23,44.23,75,75,4394,35
"Poland","POL","","","NAT_TOTAL",2020-10-13,1,1,0,NA,2,0,2,1,0,NA,0,NA,0,NA,3,2,1,1,0,0,2,1,2,2,0,0,3,1,0,NA,NA,135278,3101,37.04,37.04,41.67,41.67,48.33,48.33,44.23,44.23,75,75,5068,62
"Poland","POL","","","NAT_TOTAL",2020-10-14,1,1,0,NA,2,0,2,1,0,NA,0,NA,0,NA,3,2,1,1,0,0,2,1,2,2,0,0,3,1,0,NA,NA,141804,3217,37.04,37.04,41.67,41.67,48.33,48.33,44.23,44.23,75,75,6526,116
"Poland","POL","","","NAT_TOTAL",2020-10-15,1,1,0,NA,2,0,2,1,0,NA,0,NA,0,NA,3,2,1,1,0,0,2,1,2,2,0,0,3,1,0,NA,NA,149903,3308,37.04,37.04,41.67,41.67,48.33,48.33,44.23,44.23,75,75,8099,91
"Poland","POL","","","NAT_TOTAL",2020-10-16,1,1,0,NA,2,0,2,1,0,NA,0,NA,0,NA,3,2,1,1,0,0,2,1,2,2,0,0,3,1,0,NA,NA,157608,3440,37.04,37.04,41.67,41.67,48.33,48.33,44.23,44.23,75,75,7705,132
"Poland","POL","","","NAT_TOTAL",2020-10-17,1,1,0,NA,0,NA,4,0,0,NA,0,NA,0,NA,3,2,1,1,0,0,2,1,2,2,0,0,3,1,0,NA,NA,167230,3524,32.87,32.87,43.57,43.57,45.83,45.83,41.35,41.35,75,75,9622,84
"Poland","POL","","","NAT_TOTAL",2020-10-18,1,1,0,NA,0,NA,4,0,0,NA,0,NA,0,NA,3,2,1,1,0,0,2,1,2,2,0,0,3,1,0,NA,NA,175766,3573,32.87,32.87,43.57,43.57,45.83,45.83,41.35,41.35,75,75,8536,49
"Poland","POL","","","NAT_TOTAL",2020-10-19,2,0,0,NA,0,NA,4,0,0,NA,0,NA,0,NA,3,2,1,1,0,0,2,1,2,2,0,0,3,1,0,NA,NA,183248,3614,34.72,34.72,43.57,43.57,46.94,46.94,42.63,42.63,75,75,7482,41
"Poland","POL","","","NAT_TOTAL",2020-10-20,2,0,0,NA,0,NA,4,0,0,NA,0,NA,0,NA,3,2,1,1,0,0,2,1,2,2,0,0,3,1,0,NA,NA,192539,3721,34.72,34.72,43.57,43.57,46.94,46.94,42.63,42.63,75,75,9291,107
"Poland","POL","","","NAT_TOTAL",2020-10-21,2,0,0,NA,0,NA,4,0,0,NA,0,NA,0,NA,3,2,1,1,0,0,2,1,2,2,0,0,3,1,0,NA,NA,202579,3851,34.72,34.72,43.57,43.57,46.94,46.94,42.63,42.63,75,75,10040,130
"Poland","POL","","","NAT_TOTAL",2020-10-22,2,0,0,NA,0,NA,4,0,0,NA,0,NA,0,NA,3,2,1,1,0,0,2,1,2,2,0,0,3,1,0,NA,NA,214686,4019,34.72,34.72,43.57,43.57,46.94,46.94,42.63,42.63,75,75,12107,168
"Poland","POL","","","NAT_TOTAL",2020-10-23,2,0,0,NA,0,NA,4,0,0,NA,0,NA,0,NA,3,2,1,1,0,0,2,1,2,2,0,0,3,1,0,NA,NA,228318,4172,34.72,34.72,43.57,43.57,46.94,46.94,42.63,42.63,75,75,13632,153
"Poland","POL","","","NAT_TOTAL",2020-10-24,2,1,2,1,2,1,4,1,1,1,1,1,1,1,3,2,1,1,0,0,2,1,2,2,0,0,3,1,0,NA,NA,241946,4351,71.3,71.3,79.76,79.76,68.89,68.89,67.95,67.95,75,75,13628,179
"Poland","POL","","","NAT_TOTAL",2020-10-25,2,1,2,1,2,1,4,1,1,1,1,1,1,1,3,2,1,1,0,0,2,1,2,2,0,0,3,1,0,NA,NA,253688,4438,71.3,71.3,79.76,79.76,68.89,68.89,67.95,67.95,75,75,11742,87
"Poland","POL","","","NAT_TOTAL",2020-10-26,2,1,2,1,2,1,4,1,1,1,1,1,1,1,3,2,1,1,0,0,2,1,2,2,0,0,3,1,0,NA,NA,263929,4483,71.3,71.3,79.76,79.76,68.89,68.89,67.95,67.95,75,75,10241,45
"Poland","POL","","","NAT_TOTAL",2020-10-27,2,1,2,1,2,1,4,1,1,1,1,1,1,1,3,2,1,1,0,0,2,1,2,2,0,0,3,1,0,NA,NA,280229,4615,71.3,71.3,79.76,79.76,68.89,68.89,67.95,67.95,75,75,16300,132
"Poland","POL","","","NAT_TOTAL",2020-10-28,2,1,2,1,2,1,4,1,1,1,1,1,1,1,3,2,1,1,0,0,2,1,2,2,0,0,3,1,0,NA,NA,299049,4849,71.3,71.3,79.76,79.76,68.89,68.89,67.95,67.95,75,75,18820,234
"Poland","POL","","","NAT_TOTAL",2020-10-29,2,1,2,1,2,1,4,1,1,1,1,1,1,1,3,2,1,1,0,0,2,1,2,2,0,0,3,1,0,NA,NA,319205,5149,71.3,71.3,79.76,79.76,68.89,68.89,67.95,67.95,75,75,20156,300
"Poland","POL","","","NAT_TOTAL",2020-10-30,2,1,2,1,2,1,4,1,1,1,1,1,1,1,3,2,1,1,0,0,2,1,2,2,0,0,3,1,0,NA,NA,340834,5351,71.3,71.3,79.76,79.76,68.89,68.89,67.95,67.95,75,75,21629,202
"Poland","POL","","","NAT_TOTAL",2020-10-31,2,1,2,1,2,1,4,1,1,1,1,1,1,1,3,2,1,1,0,0,2,1,2,2,0,0,3,1,0,NA,NA,362731,5631,71.3,71.3,79.76,79.76,68.89,68.89,67.95,67.95,75,75,21897,280
"Poland","POL","","","NAT_TOTAL",2020-11-01,2,1,2,1,2,1,4,1,1,1,1,1,1,1,3,2,1,1,0,0,2,1,2,2,0,0,3,1,0,NA,NA,379902,5783,71.3,71.3,79.76,79.76,68.89,68.89,67.95,67.95,75,75,17171,152
"Poland","POL","","","NAT_TOTAL",2020-11-02,2,1,2,1,2,1,4,1,1,1,1,1,1,1,3,2,1,1,0,0,2,1,2,2,0,0,3,1,0,NA,NA,395480,5875,71.3,71.3,79.76,79.76,68.89,68.89,67.95,67.95,75,75,15578,92
"Poland","POL","","","NAT_TOTAL",2020-11-03,2,1,2,1,2,1,4,1,1,1,1,1,1,1,3,2,1,1,0,0,2,1,2,2,0,0,3,1,0,NA,NA,414844,6102,71.3,71.3,79.76,79.76,68.89,68.89,67.95,67.95,75,75,19364,227
"Poland","POL","","","NAT_TOTAL",2020-11-04,2,1,2,1,2,1,4,1,1,1,1,1,1,1,3,2,1,1,0,0,2,1,2,2,0,0,3,1,0,NA,NA,439536,6475,71.3,71.3,79.76,79.76,68.89,68.89,67.95,67.95,75,75,24692,373
"Poland","POL","","","NAT_TOTAL",2020-11-05,2,1,2,1,2,1,4,1,1,1,1,1,1,1,3,2,1,1,0,0,2,1,2,2,0,0,3,1,0,NA,NA,466679,6842,71.3,71.3,79.76,79.76,68.89,68.89,67.95,67.95,75,75,27143,367
"Poland","POL","","","NAT_TOTAL",2020-11-06,2,1,2,1,2,1,4,1,1,1,1,1,1,1,3,2,1,1,0,0,2,1,2,2,0,0,3,1,0,NA,NA,493765,7287,71.3,71.3,79.76,79.76,68.89,68.89,67.95,67.95,75,75,27086,445
"Poland","POL","","","NAT_TOTAL",2020-11-07,2,1,2,1,2,1,4,1,1,1,1,1,1,1,3,2,1,1,0,0,2,1,2,2,0,0,3,1,0,NA,NA,521640,7636,71.3,71.3,79.76,79.76,68.89,68.89,67.95,67.95,75,75,27875,349
"Poland","POL","","","NAT_TOTAL",2020-11-08,2,1,2,1,2,1,4,1,1,1,1,1,1,1,3,2,1,1,0,0,2,1,2,2,0,0,3,1,0,NA,NA,546425,7872,71.3,71.3,79.76,79.76,68.89,68.89,67.95,67.95,75,75,24785,236
"Poland","POL","","","NAT_TOTAL",2020-11-09,2,1,2,1,2,1,4,1,1,1,1,1,1,1,3,2,1,1,0,0,2,1,2,2,0,0,3,1,0,NA,NA,568138,8045,71.3,71.3,79.76,79.76,68.89,68.89,67.95,67.95,75,75,21713,173
"Poland","POL","","","NAT_TOTAL",2020-11-10,2,1,2,1,2,1,4,1,1,1,1,1,1,1,3,2,1,1,0,0,2,1,2,2,0,0,3,1,0,NA,NA,593592,8375,71.3,71.3,79.76,79.76,68.89,68.89,67.95,67.95,75,75,25454,330
"Poland","POL","","","NAT_TOTAL",2020-11-11,2,1,2,1,2,1,4,1,1,1,1,1,1,1,3,2,1,1,0,0,2,1,2,2,0,0,3,1,0,NA,NA,618813,8805,71.3,71.3,79.76,79.76,68.89,68.89,67.95,67.95,75,75,25221,430
"Poland","POL","","","NAT_TOTAL",2020-11-12,2,1,2,1,2,1,4,1,1,1,1,1,1,1,3,2,1,1,0,0,2,1,2,2,0,0,3,1,0,NA,NA,641496,9080,71.3,71.3,79.76,79.76,68.89,68.89,67.95,67.95,75,75,22683,275
"Poland","POL","","","NAT_TOTAL",2020-11-13,2,1,2,1,2,1,4,1,1,1,1,1,1,1,3,2,1,1,0,0,2,1,2,2,0,0,3,1,0,NA,NA,665547,9499,71.3,71.3,79.76,79.76,68.89,68.89,67.95,67.95,75,75,24051,419
"Poland","POL","","","NAT_TOTAL",2020-11-14,2,1,2,1,2,1,4,1,1,1,1,1,1,1,3,2,1,1,0,0,2,1,2,2,0,0,3,1,0,NA,NA,691118,10045,71.3,71.3,79.76,79.76,68.89,68.89,67.95,67.95,75,75,25571,546
"Poland","POL","","","NAT_TOTAL",2020-11-15,2,1,2,1,2,1,4,1,1,1,1,1,1,1,3,2,1,1,0,0,2,1,2,2,0,0,3,1,0,NA,NA,712972,10348,71.3,71.3,79.76,79.76,68.89,68.89,67.95,67.95,75,75,21854,303
"Poland","POL","","","NAT_TOTAL",2020-11-16,2,1,2,1,2,1,4,1,1,1,1,1,1,1,3,2,1,1,0,0,2,1,2,2,0,0,3,1,0,NA,NA,733788,10491,71.3,71.3,79.76,79.76,68.89,68.89,67.95,67.95,75,75,20816,143
"Poland","POL","","","NAT_TOTAL",2020-11-17,2,1,2,1,2,1,4,1,1,1,1,1,1,1,3,2,1,1,0,0,2,1,2,2,0,0,3,1,0,NA,NA,752940,10848,71.3,71.3,79.76,79.76,68.89,68.89,67.95,67.95,75,75,19152,357
"Poland","POL","","","NAT_TOTAL",2020-11-18,2,1,2,1,2,1,4,1,1,1,1,1,1,1,3,2,1,1,0,0,2,1,2,2,0,0,3,1,0,NA,NA,772823,11451,71.3,71.3,79.76,79.76,68.89,68.89,67.95,67.95,75,75,19883,603
"Poland","POL","","","NAT_TOTAL",2020-11-19,2,1,2,1,2,1,4,1,1,1,1,1,1,1,3,2,1,1,0,0,2,1,2,2,0,0,3,1,0,NA,NA,796798,12088,71.3,71.3,79.76,79.76,68.89,68.89,67.95,67.95,75,75,23975,637
"Poland","POL","","","NAT_TOTAL",2020-11-20,2,1,2,1,2,1,4,1,1,1,1,1,1,1,3,2,1,1,0,0,2,1,2,2,0,0,3,1,0,NA,NA,819262,12714,71.3,71.3,79.76,79.76,68.89,68.89,67.95,67.95,75,75,22464,626
"Poland","POL","","","NAT_TOTAL",2020-11-21,2,1,2,1,2,1,4,1,1,1,1,1,1,1,3,2,1,1,0,0,2,1,2,2,0,0,3,1,0,NA,NA,843475,13288,71.3,71.3,79.76,79.76,68.89,68.89,67.95,67.95,75,75,24213,574
"Poland","POL","","","NAT_TOTAL",2020-11-22,2,1,2,1,2,1,4,1,1,1,1,1,1,1,3,2,1,1,0,0,2,1,2,2,0,0,3,1,0,NA,NA,861331,13618,71.3,71.3,79.76,79.76,68.89,68.89,67.95,67.95,75,75,17856,330
"Poland","POL","","","NAT_TOTAL",2020-11-23,2,1,2,1,2,1,4,1,1,1,1,1,1,1,3,2,1,1,0,0,2,1,2,2,0,0,3,1,0,NA,NA,876333,13774,71.3,71.3,79.76,79.76,68.89,68.89,67.95,67.95,75,75,15002,156
"Poland","POL","","","NAT_TOTAL",2020-11-24,2,1,2,1,2,1,4,1,1,1,1,1,1,1,3,2,1,1,0,0,2,1,2,2,0,0,3,1,0,NA,NA,909066,14314,71.3,71.3,79.76,79.76,68.89,68.89,67.95,67.95,75,75,32733,540
"Poland","POL","","","NAT_TOTAL",2020-11-25,2,1,2,1,2,1,4,1,1,1,1,1,1,1,3,2,1,1,0,0,2,1,2,2,0,0,3,1,0,NA,NA,924422,14988,71.3,71.3,79.76,79.76,68.89,68.89,67.95,67.95,75,75,15356,674
"Poland","POL","","","NAT_TOTAL",2020-11-26,2,1,2,1,2,1,4,1,1,1,1,1,1,1,3,2,1,1,0,0,2,1,2,2,0,0,3,1,0,NA,NA,941112,15568,71.3,71.3,79.76,79.76,68.89,68.89,67.95,67.95,75,75,16690,580
"Poland","POL","","","NAT_TOTAL",2020-11-27,2,1,2,1,2,1,4,1,1,1,1,1,1,1,3,2,1,1,0,0,2,1,2,2,0,0,3,1,0,NA,NA,958416,16147,71.3,71.3,79.76,79.76,68.89,68.89,67.95,67.95,75,75,17304,579
"Poland","POL","","","NAT_TOTAL",2020-11-28,2,1,2,1,2,1,4,1,1,1,1,1,1,1,3,2,1,1,0,0,2,1,2,2,0,0,3,1,0,NA,NA,973593,16746,71.3,71.3,79.76,79.76,68.89,68.89,67.95,67.95,75,75,15177,599
"Poland","POL","","","NAT_TOTAL",2020-11-29,2,1,2,1,2,1,4,1,1,1,1,1,1,1,3,2,1,1,0,0,2,1,2,2,0,0,3,1,0,NA,NA,985075,17029,71.3,71.3,79.76,79.76,68.89,68.89,67.95,67.95,75,75,11482,283
"Poland","POL","","","NAT_TOTAL",2020-11-30,2,1,2,1,2,1,4,1,1,1,1,1,1,1,3,2,1,1,0,0,2,1,2,2,0,0,3,1,0,NA,NA,990811,17150,71.3,71.3,79.76,79.76,68.89,68.89,67.95,67.95,75,75,5736,121
"Poland","POL","","","NAT_TOTAL",2020-12-01,2,1,2,1,2,1,4,1,1,1,1,1,1,1,3,2,1,1,0,0,2,1,2,2,0,0,3,1,0,NA,NA,999924,17599,71.3,71.3,79.76,79.76,68.89,68.89,67.95,67.95,75,75,9113,449
"Poland","POL","","","NAT_TOTAL",2020-12-02,2,1,2,1,2,1,4,1,1,1,1,1,1,1,3,2,1,1,0,0,2,1,2,2,0,0,3,1,0,NA,NA,1013747,18208,71.3,71.3,79.76,79.76,68.89,68.89,67.95,67.95,75,75,13823,609
"Poland","POL","","","NAT_TOTAL",2020-12-03,2,1,2,1,2,1,4,1,1,1,1,1,1,1,3,2,1,1,0,0,2,1,2,2,0,0,3,1,0,NA,NA,1028610,18828,71.3,71.3,79.76,79.76,68.89,68.89,67.95,67.95,75,75,14863,620
"Poland","POL","","","NAT_TOTAL",2020-12-04,2,1,2,1,2,1,4,1,1,1,1,1,1,1,3,2,1,1,0,0,2,1,2,2,0,0,3,1,0,NA,NA,1041846,19359,71.3,71.3,79.76,79.76,68.89,68.89,67.95,67.95,75,75,13236,531
"Poland","POL","","","NAT_TOTAL",2020-12-05,2,1,2,1,2,1,4,1,1,1,1,1,1,1,3,2,1,1,0,0,2,1,2,2,0,0,3,1,0,NA,NA,1054273,19861,71.3,71.3,79.76,79.76,68.89,68.89,67.95,67.95,75,75,12427,502
"Poland","POL","","","NAT_TOTAL",2020-12-06,2,1,2,1,2,1,4,1,1,1,1,1,1,1,3,2,1,1,0,0,2,1,2,2,0,0,3,1,0,NA,NA,1063449,20089,71.3,71.3,79.76,79.76,68.89,68.89,67.95,67.95,75,75,9176,228
"Poland","POL","","","NAT_TOTAL",2020-12-07,2,1,2,1,2,1,4,1,1,1,1,1,1,1,3,2,1,1,0,0,2,1,2,2,0,0,3,1,0,NA,NA,1067870,20181,71.3,71.3,79.76,79.76,68.89,68.89,67.95,67.95,75,75,4421,92
"Poland","POL","","","NAT_TOTAL",2020-12-08,2,1,2,1,2,1,4,1,1,1,1,1,1,1,3,2,1,1,0,0,2,1,2,2,0,0,3,1,0,NA,NA,1076180,20592,71.3,71.3,79.76,79.76,68.89,68.89,67.95,67.95,75,75,8310,411
"Poland","POL","","","NAT_TOTAL",2020-12-09,2,1,2,1,2,1,4,1,1,1,1,1,1,1,3,2,1,1,0,0,2,1,2,2,0,0,3,1,0,NA,NA,1088346,21160,71.3,71.3,79.76,79.76,68.89,68.89,67.95,67.95,75,75,12166,568
"Poland","POL","","","NAT_TOTAL",2020-12-10,2,1,2,1,2,1,4,1,1,1,1,1,1,1,3,2,1,1,0,0,2,1,2,2,0,0,3,1,0,NA,NA,1102096,21630,71.3,71.3,79.76,79.76,68.89,68.89,67.95,67.95,75,75,13750,470
"Poland","POL","","","NAT_TOTAL",2020-12-11,2,1,2,1,2,1,4,1,1,1,1,1,1,1,3,2,1,1,0,0,2,1,2,2,0,0,3,1,0,NA,NA,1115201,22174,71.3,71.3,79.76,79.76,68.89,68.89,67.95,67.95,75,75,13105,544
"Poland","POL","","","NAT_TOTAL",2020-12-12,2,1,2,1,2,1,4,1,1,1,1,1,1,1,3,2,1,1,0,0,2,1,2,2,0,0,3,1,0,NA,NA,1126700,22676,71.3,71.3,79.76,79.76,68.89,68.89,67.95,67.95,75,75,11499,502
"Poland","POL","","","NAT_TOTAL",2020-12-13,2,1,2,1,2,1,4,1,1,1,1,1,1,1,3,2,1,1,0,0,2,1,2,2,0,0,3,1,0,NA,NA,1135676,22864,71.3,71.3,79.76,79.76,68.89,68.89,67.95,67.95,75,75,8976,188
"Poland","POL","","","NAT_TOTAL",2020-12-14,2,1,2,1,2,1,4,1,1,1,1,1,1,1,3,2,1,1,0,0,2,1,2,2,0,0,3,1,0,NA,NA,1140572,22960,71.3,71.3,79.76,79.76,68.89,68.89,67.95,67.95,75,75,4896,96
"Poland","POL","","","NAT_TOTAL",2020-12-15,2,1,2,1,2,1,4,1,1,1,1,1,1,1,3,2,1,1,0,0,2,1,2,2,0,0,3,1,0,NA,NA,1147446,23309,71.3,71.3,79.76,79.76,68.89,68.89,67.95,67.95,75,75,6874,349
"Poland","POL","","","NAT_TOTAL",2020-12-16,2,1,2,1,2,1,4,1,1,1,1,1,1,1,3,2,1,1,0,0,2,1,2,2,0,0,3,1,0,NA,NA,1159901,23914,71.3,71.3,79.76,79.76,68.89,68.89,67.95,67.95,75,75,12455,605
"Poland","POL","","","NAT_TOTAL",2020-12-17,2,1,2,1,2,1,4,1,1,1,1,1,1,1,3,2,1,1,0,0,2,1,2,2,0,0,3,1,0,NA,NA,1171854,24345,71.3,71.3,79.76,79.76,68.89,68.89,67.95,67.95,75,75,11953,431
"Poland","POL","","","NAT_TOTAL",2020-12-18,NA,NA,NA,NA,NA,NA,NA,NA,NA,NA,NA,NA,NA,NA,NA,NA,NA,NA,NA,NA,NA,NA,NA,NA,NA,NA,NA,NA,NA,NA,NA,1182864,24771,NA,71.3,NA,79.76,NA,68.89,NA,67.95,NA,75,11010,426
"Poland","POL","","","NAT_TOTAL",2020-12-19,NA,NA,NA,NA,NA,NA,NA,NA,NA,NA,NA,NA,NA,NA,NA,NA,NA,NA,NA,NA,NA,NA,NA,NA,NA,NA,NA,NA,NA,NA,NA,1194110,25254,NA,71.3,NA,79.76,NA,68.89,NA,67.95,NA,75,11246,483
"Poland","POL","","","NAT_TOTAL",2020-12-20,NA,NA,NA,NA,NA,NA,NA,NA,NA,NA,NA,NA,NA,NA,NA,NA,NA,NA,NA,NA,NA,NA,NA,NA,NA,NA,NA,NA,NA,NA,NA,1202700,25397,NA,71.3,NA,79.76,NA,68.89,NA,67.95,NA,75,8590,143
"Poland","POL","","","NAT_TOTAL",2020-12-21,NA,NA,NA,NA,NA,NA,NA,NA,NA,NA,NA,NA,NA,NA,NA,NA,NA,NA,NA,NA,NA,NA,NA,NA,NA,NA,NA,NA,NA,NA,NA,NA,NA,NA,71.3,NA,79.76,NA,68.89,NA,67.95,NA,75,NA,NA
"Poland","POL","","","NAT_TOTAL",2020-12-22,NA,NA,NA,NA,NA,NA,NA,NA,NA,NA,NA,NA,NA,NA,NA,NA,NA,NA,NA,NA,NA,NA,NA,NA,NA,NA,NA,NA,NA,NA,NA,NA,NA,NA,71.3,NA,79.76,NA,68.89,NA,67.95,NA,75,NA,NA
